book_title,book_author,book_translator,book_pub_date,book_isbn
Make: 라즈베리 파이 로봇,볼프람 도낫 ,이하영 ,2015-08-27,9788968482144
프로젝트로 배우는 라즈베리 파이,도날드 노리스 ,임지순 ,2015-04-24,9788968481888
"3D 프린터 101 : 기초부터 활용까지, 3D 프린터의 모든 것(개정판)",안상준 ,,2018-07-15,9791162240793
"엔트리, 피지컬 컴퓨팅을 만나다","최현종 , 이상열 , 이현아 ",,2018-08-03,9791162240991
일상 무기 제작법 1 : 생활용품으로 전투 무기 만들기,존 오스틴 ,정향 ,2015-10-06,9788968482151
Maker Pro : 메이커 프로,존 베이첼 ,정향 ,2015-07-28,9788968482038
Zero to Maker: 누구나 메이커가 될 수 있다,데이비드 랭 ,장재웅 ,2015-02-27,9788968481710
일상 무기 제작법 2 : 생활용품으로 첩보 무기 만들기,존 오스틴 ,정향 ,2015-12-01,9788968482328
전자부품 백과사전 vol.2 : 신호 처리,찰스 플랫 ,"배지은 , 이하영 ",2015-12-01,9788968482373
Make: 센서,"테로 카르비넨 , 키모 카르비넨 , 빌리 발토카리 ","지영민 , 남기혁 ",2015-09-28,9788968482205
하드웨어 스타트업,"르네 디레스타 , 브레이디 포레스트 , 라이언 빈야드 ",정향 ,2016-10-01,9788968484834
메이커 매뉴얼,"안드레아 마이에타 , 파올로 알리베르티 ",남기혁 ,2016-07-01,9788968482885
Make: 심플 로봇,케이티 세서리 ,임지순 ,2016-08-01,9788968484971
라즈베리 파이 쿡북,사이먼 몽크 ,"박경욱 , 백운혁 , 유시형 , 윤종우 ",2014-12-26,9788968481536
일상 무기 제작법 3 : 생활용품으로 중세의 공성 무기 만들기,존 오스틴 ,정향 ,2016-02-19,9788968482472
"(10대를 위한 프로그래밍 노트, 수프) 프로그래밍 비타민 : 컴퓨팅 사고력을 키우는 22가지 이야기",김종훈 ,,2015-07-28,9788968482106
"(10대를 위한 프로그래밍 노트, 수프) 코딩 클럽 LV1. 모두를 위한 파이썬 기초",크리스 로피 ,유형목 ,2015-08-26,9788968482168
아이와 함께 할 수 있는 50가지 위험한 실험,"게버 털리 , 줄리 스피글러 ",c: operated ,2013-04-21,9788968480089
핸드메이드 일렉트로닉 뮤직,니콜라스 콜린스 ,임지순 ,2016-03-04,9788968482632
Make: Technology on Your Time Volume 02,오라일리 / 메이크 미디어 (Make Media) ,한빛미디어 / Make ,2011-09-06,9788979148411
메이커 운동 선언 : 테크숍 CEO가 말하는 미래를 지배할 혁신의 원칙,마크 해치 ,정향 ,2014-05-20,9788968480980
처음 시작하는 센서,"키모 카르비넨 , 테로 카르비넨 ",임지순 ,2015-02-25,9788968481697
전자부품 백과사전 vol.1 : 전력 전원 및 변환,찰스 플랫 ,배지은 ,2014-12-26,9788968481505
Make: Technology on Your Time Volume 01,오라일리 / 메이크 미디어 (Make Media) ,한빛미디어 / Make ,2011-05-09,9788979147728
"(꼬마해커의 작업실, 수프) 스크래치 : 창의력과 문제해결능력 향상을 위한 첫걸음","김종훈 , 양영훈 ",,2014-03-20,9788968480829
Make : 아두이노 DIY 프로젝트,"키모 카르비넨 , 테로 카르비넨 ",배지은 ,2014-01-02,9788968480737
"(꼬마해커의 작업실, 수프) 스크래치 알고리즘 : 초등학생도 볼 수 있는 가장 쉬운 알고리즘",김종훈 ,,2014-11-12,9788968481390
"IT CookBook, 운영체제(개정3판)",구현회 ,,2016-06-30,9791156642459
대학생을 위한 스크래치 프로그래밍 : 누구나 할 수 있는 가장 쉬운 프로그래밍 입문서,김종훈 ,,2016-01-26,9788968482557
NDC ART BOOK,2016 넥슨 개발자 콘퍼런스 전시 작가 ,,2016-04-18,9788968482847
33가지 프로젝트로 배우는 아두이노,사이먼 몽크 ,윤진서 ,2014-05-20,9788968481000
머신러닝을 이용한 알고리즘 트레이딩 시스템 개발,"안명호 , 류미현 ",,2016-04-27,9788968488030
HTTPS 무료 사용을 위한 Let’s Encrypt 사용자 가이드,시큐리티플러스 ,,2016-08-31,9788968488405
대학생을 위한 파이썬 프로그래밍 : 누구나 할 수 있는 가장 쉬운 프로그래밍 입문서,크리스 로피 ,"이지호 , 유형목 ",2016-01-26,9788968482540
"(10대를 위한 프로그래밍 노트, 수프) 앱 인벤터: 나만의 앱 만들기! 구글과 MIT 기술로 배우는 컴퓨팅 사고력",김종훈 ,,2016-01-14,9788968482342
"(10대를 위한 프로그래밍 노트, 수프) 코딩 클럽 LV2. 본격 파이썬 입문",크리스 로피 ,"이지호 , 유형목 ",2015-08-26,9788968482175
"(10대를 위한 프로그래밍 노트, 수프) 코딩 클럽 LV3. 제대로 된 파이썬 앱 만들기",크리스 로피 ,"이지호 , 유형목 ",2015-11-06,9788968482335
창의적인 문제 해결 능력을 키워주는 IT 퍼즐,"김종훈 , 김병수 , 김태훈 , 양영훈 , 오정철 , 현동림 ",,2017-08-01,9788968488634
Make : Technology on Your Time Volume 06,메이커 미디어 ,한빛미디어 / Make ,2013-05-21,9788968480188
"IT CookBook, 소프트웨어 세상을 여는 컴퓨터 과학",김종훈 ,,2018-01-26,9791156643814
Make: Technology on Your Time Volume 05,오라일리 미디어 (메이크 편집부) ,한빛미디어 / Make ,2013-03-07,9788979149753
Make : Technology on Your Time Volume 07,메이커 미디어 ,한빛미디어 / Make ,2013-12-28,9788968480669
Make: Technology on Your Time Volume 08,메이크 미디어 (Make Media) ,한빛미디어 / Make ,2015-06-28,9788968480836
Make: Technology on Your Time Volume 03,오라일리 / 메이크 미디어 (Make Media) ,한빛미디어 / Make ,2012-04-02,9788979149128
Make: Technology on Your Time Volume 04,오라일리 / 메이크 미디어 (Make Media) ,한빛미디어 / Make ,2012-09-28,9788979149586
MFC 프로그래밍 : 주식 분석 프로그램 만들기,김세훈 ,,2014-06-24,9788968486647
"BACK TO THE BASIC, 뿌리부터 이해하는 C 언어 Vol 1","이희정 , 이승미 ",,2014-04-30,9788968486906
웹 사이트 최적화를 위한 밴디트 알고리즘,존 마일즈 화이트 ,김학민 ,2014-05-02,9788968486609
타라아트2,김경환 ,,2016-05-03,9788968482816
타라 아트(TAHRA ART),김경환(Tahra) ,,2013-07-28,9788968480355
소수와 RSA 알고리즘으로 배우는 Big Number 연산 - 구조체와 자료구조의 이해,김세훈 ,,2013-05-21,9788968486074
처음 시작하는 파이썬: 파이썬 패키지를 활용한 모던 컴퓨팅 입문,빌 루바노빅 ,최길우 ,2015-12-04,9788968482397
Head First Python : 머리에 쏙쏙 들어오는 파이썬 안내서(수정판),폴 베리 ,강권학 ,2016-03-28,9788968482724
"IT CookBook, 컴퓨터 사이언스(개정판) : 새내기를 위한 최신 컴퓨터 개론","이동명 , 권오현 , 고정국 ",,2015-12-28,9791156642428
"IT CookBook, 운영체제론 : Operating Systems, 3rd Ed","하비 디텔 , 폴 디텔 , 데이빗 쇼픈스 ",송경희 ,2009-09-04,9788979146844
반응형 웹 개발을 위한 부트스트랩,제이크 스퍼록 ,송지연 ,2014-05-07,9788968486555
"IT CookBook, 컴퓨터 아키텍처 : 컴퓨터 구조 및 동작 원리",우종정 ,,2014-08-11,9791156641322
Thinking about C/C++ : 프로그래머가 몰랐던 프로그램의 동작 원리(프로그램 실행 환경편),박수현 ,,2014-05-15,9788968487118
드림팀의 악몽: 산으로 가는 팀 프로젝트를 바로잡는 애자일 코칭법,포샤 텅 ,김광호 ,2014-05-16,9788968480973
멀티스레드를 위한 자바스크립트 프로그래밍 웹 워커,아이두 그린 ,김보경 ,2012-11-23,9788979149784
"IT EXPERT, 64비트 멀티코어 OS 원리와 구조 1권: OS 개발 60일 프로젝트",한승훈 ,,2011-07-23,9788979148367
프로젝트 성공을 위한 갑과 을의 상생협력 : 21명의 현직 전문가가 전하는 생생한 성공 노하우,이재용 ,,2012-07-16,9788979149449
유지보수하기 어렵게 코딩하는 방법: 평생 개발자로 먹고 살 수 있다,로에디 그린 ,우정은 ,2012-07-16,9788979149418
"BACK TO THE BASIC, C++ 버그 헌팅: 버그를 예방하는 11가지 코딩 습관",블라디미르 쿠스퀴니르 ,정원천 ,2013-05-31,9788968486357
대용량 서버 구축을 위한 Memcached와 Redis,강대명 ,,2012-07-16,9788979149425
Head First HTML5 Programming: 웹 표준으로 만드는 생동감 있는 웹 애플리케이션,"에릭 프리먼 , 엘리자베스 롭슨 ",홍형경 ,2012-07-28,9788979149326
스마트폰과 태블릿 호환을 위한 안드로이드 앱 프로그래밍,고강태 ,,2012-07-16,9788979149432
성당과 시장 : 우연한 혁명으로 일어난 리눅스와 오픈소스에 대한 생각,에릭 레이먼드 ,"정직한 , 송창훈 , 윤종민 ",2013-12-30,9788968486562
"IT CookBook, 정보 보안 개론과 실습 : 시스템 해킹과 보안(개정판)",양대일 ,,2013-09-15,9788998756628
"IT CookBook, 컴퓨터 사이언스","이동명 , 권오현 , 고정국 ",,2014-02-19,9788998756970
Code Simplicity : 소프트웨어 생명 연장을 위한 원칙,맥스 카넷-알렉산더 ,신정안 ,2012-12-03,9788979149913
"IT CookBook, 네트워크 개론(개정판) : 쉽게 배우는 네트워크의 기본 원리",진혜진 ,,2014-01-07,9788998756734
"IT CookBook, 윈도우 API 프로그래밍",강경우 ,,2014-01-05,9788998756932
"IT CookBook, ASP.NET 4.0 프로그래밍",김동아 ,,2014-02-19,9791156641025
게임 매니악스 탄막 게임 알고리즘,"마츠우라 켄이치로 , 츠카사 유키 ",윤석조 ,2014-02-22,9788968480812
"IT CookBook, 임베디드 리눅스 기초와 응용","우종정 , 사공준 ",,2017-01-24,9791156643135
"IT CookBook, 쉽게 배우는 자바 프로그래밍",우종정 ,,2017-08-02,9791156643296
스프링을 이용한 RESTful 웹 서비스 구축하기 : 실전 예제로 배우는 REST 방식의 스프링 웹 서비스,김강우 ,,2014-02-27,9788968486890
"Blog2Book, 프로젝트 관리자PM를 위한 프로젝트 관리 이야기",신진현 ,,2015-02-27,9788968481048
훌륭한 프로그래머 되는 법 : 프로젝트와 팀을 성공으로 이끄는 선배 개발자의 노하우,피트 구들리프 ,"최원재 , 강전희 , 안재덕 , 남윤화 ",2015-12-04,9788968482304
"Head First PMP : 체계적인 프로젝트 관리를 위한 국제 공인 학습법 (개정3판, PMBOK® 지침서 5판 시험대비용)","제니퍼 그린 , 앤드류 스텔만 ","한동환 , 김기평 ",2014-09-12,9788968481154
Head First HTML with CSS & XHTML : 웹2.0 시대의 웹 표준 학습법,"에릭 프리먼 , 엘리자베스 프리먼 ",홍형경 ,2006-05-28,8979144105
Head First Design Patterns: 스토리가 있는 패턴 학습법,"에릭 프리먼 , 엘리자베스 프리먼 , 케이시 시에라 , 버트 베이츠 ",서환수 ,2005-08-22,8979143400
"Blog2Book, 프로젝트 성패를 결정짓는 데이터 모델링 이야기",김상래 ,,2015-09-17,9788968482212
"IT CookBook, 윈도우 프로그래밍 : Visual C++ MFC Programming(개정판)","김선우 , 신화선 ",,2014-02-19,9788998756888
뇌를 자극하는 윈도우즈 시스템 프로그래밍,윤성우 ,,2007-03-28,9788979144611
"IT CookBook, New 데이터통신과 네트워킹 : 차세대 통신을 위한 밑그림",강문식 ,,2014-11-27,9791156641421
"프로그래밍 면접, 이렇게 준비한다(3판)","존 몽건 , 에릭 기게리 , 노아 수요야넨 킨들러 ",서환수 ,2014-02-28,9788968480843
"IT CookBook, 패턴인식 개론(개정판)",한학용 ,,2014-02-28,9791156641032
게임 매니악스 퍼즐 게임 알고리즘,"마츠우라 켄이치로 , 츠카사 유키 ",김병국 ,2013-12-19,9788968480706
"IT CookBook, 리눅스 프로그래밍 기초 : 시스템 호출, 라이브러리 함수별 실습","최태영 , 황준하 , 고재필 , 윤현주 , 김용호 ",,2015-08-17,9791156641964
Head First JavaScript Programming : 게임과 퍼즐로 배우는 자바스크립트 입문서,"에릭 프리먼 , 엘리자베스 롭슨 ",강권학 ,2015-01-27,9788968481567
나는 프로그래머다,임백준외 6명 ,,2004-03-16,8979142749
"IT CookBook, New 정보통신개론 : 기본 이론부터 사물인터넷 개념까지",고응남 ,,2015-07-03,9791156641957
"IT CookBook, 우분투 리눅스 : 시스템 & 네트워크",이종원 ,,2014-07-03,9791156641209
"IT CookBook, JUST JAVA : 객체지향에 충실한 자바다운 자바",황희정 ,,2015-10-26,9791156642015
"IT EXPERT, ASP.NET 2.0 웹 프로젝트와 실전 프로그래밍",조성진 ,,2006-07-03,8979144180
Elemental Design Patterns : 객체지향과 디자인 패턴의 연결 고리,제이슨 맥컴 스미스 ,김지원 ,2013-05-02,9788968480140
PMP 바이블 : PMP 자격증 취득의 길로 안내하는 가장 확실한 지침서 (전2권 세트),"강정배 , 서정훈 , 이지현 , 박주진 ",,2015-01-07,9788968481604
자바와 암호화 : JCA를 이용한 암호화 구현하기,김강우 ,,2014-09-23,9788968486715
HTML5+CSS3 정복 : 실습 위주의 친절한 HTML5 자습서,김상형 ,,2014-09-28,9788968481277
Head First Java: 뇌 회로를 자극하는 자바 학습법(개정판),"케이시 시에라 , 버트 베이츠 ",서환수 ,2005-11-16,8979143710
"IT CookBook, 단계별로 배우는 안드로이드 프로그래밍",김선우 ,,2017-12-08,9791156643630
Head First Servlets & JSP(개정판) : 상상력을 자극하는 몰입의 학습법,"케이시 시에라 , 버트 베이츠 , 브라얀 바샴 ",김종호 ,2009-02-02,9788979146639
"자바 프로그래밍 면접, 이렇게 준비한다",노엘 마크엄 ,정원천 ,2015-01-23,9788968481529
"팟캐스트 나는 프로그래머다: 뉴욕, 서울, 도쿄 개발자의 촌철살인 IT 이야기","임백준 , 정도현 , 김호광 ",,2015-10-19,9788968482281
"모던 웹 디자인을 위한 HTML5+CSS3 입문, 개정판",윤인성 ,,2015-01-19,9788968481611
프로그래머의 리더십,정영훈 ,,2015-01-05,9788968481512
리눅스 시스템 프로그래밍(개정2판) : 커널과 C 라이브러리로 풀어가는(리눅스 3.x 최신 커널 기반),로버트 러브 ,김영근 ,2014-12-26,9788968481482
게임을 움직이는 기술과 발상 : 코드 한 줄 없이 익히는 게임 개발 리얼 다큐,도마에 요시키 ,고승희 ,2014-12-26,9788968481543
"IT CookBook, 자바 프로그래밍 바이블","오경주 , 염기호 , 정용훈 ",,2016-08-12,9791156642732
게임 매니악스 액션 게임 알고리즘,"마츠우라 켄이치로 , 츠카사 유키 ",Wisdom Teeth ,2015-06-28,9788968482069
IT EXPERT 윈도우 시스템 프로그램을 구현하는 기술,이호동 ,,2015-03-28,9788968481789
사전처럼 바로 찾아 쓰는 자바7 : 기본부터 심화까지 해결하는 문제 해결의 길잡이,조시 주노 외 3인 ,백기선 외 8인 ,2013-10-28,9788968480546
"IT CookBook, 자바 프로그래밍 기초 : 원리부터 응용까지",고응남 ,,2008-12-15,9788979146523
이것이 자바다,신용권 ,,2015-01-06,9788968481475
28일 동안 배우는 리눅스 서버 관리,카사노 히데마츠 ,김성재 ,2014-09-28,9788968481215
"안드로이드 프로그래밍 정복 4판, 2권",김상형 ,,2016-01-22,9788968482533
"뇌를 자극하는 RedHat Fedora 리눅스 서버 & 네트워크, 3판",우재남 ,,2014-09-02,9788968481208
"IT CookBook, 전자회로 : 핵심 개념부터 응용까지","강문식 , 신경욱 ",,2013-07-25,9788998756482
이것이 리눅스다,우재남 ,,2015-06-25,9788968481963
"IT CookBook, C 언어 트레이닝",김상형 ,,2017-12-04,9791156643609
뇌를 자극하는 Java 프로그래밍,김윤명 ,,2006-09-04,8979143974
"IT CookBook, C++ 트레이닝",김상형 ,,2018-03-25,9791156643906
파이썬 정복,김상형 ,,2018-04-02,9791162240540
"IT CookBook, 유닉스 시스템 프로그래밍",이종원 ,,2017-07-17,9791156643326
임백준의 아카 시작하기 : Akka 개념 잡기,임백준 ,,2015-10-29,9788968487897
"IT CookBook, 자바스크립트 프로그래밍 입문",윤인성 ,,2016-12-15,9791156642787
"IT EXPERT, 리눅스 커널 프로그래밍",한동훈 ,,2007-01-02,8979144601
"게임 개발자를 위한 물리(개정2판) : 차량, 스포츠, 폭발, 모바일 등 게임 물리의 모든 것","브라이언 비발레츠 , 데이비드 버그 ","Pope Kim , 이정훈 , 문정균 ",2014-12-26,9788968481550
"리눅스 커널의 이해, 개정 3판","다니엘 보베이 , 마르코 체사티 ",박장수 ,2006-09-28,8979144326
"자바 8 인 액션 : 람다, 스트림, 함수형 프로그래밍으로 새로워진 자바 마스터하기","라울-게이브리얼 우르마 , 마리오 푸스코 , 앨런 마이크로프트 ",우정은 ,2015-03-19,9788968481796
자바7 NIO.2: 파일&네트워크 프로그래밍,앵겔 레너드 ,조태현 ,2012-06-28,9788979149319
리버스 엔지니어링 2권(디버거 편),이호동 ,,2017-03-01,9788968484810
자바 퍼즐러 : 세상에서 가장 재미있는 자바 책,"조슈아 블로크 , 닐 개프터 ",윤인성 ,2014-12-27,9788968481444
"유닉스 리눅스 프로그래밍 필수 유틸리티(개정판) : vim make, gcc, gdb, svn, binutils, autoconf, autotools",백창우 ,,2010-08-01,9788979147599
"안드로이드 프로그래밍 정복 4판, 1권",김상형 ,,2016-01-22,9788968482526
"IT CookBook, 단계별로 배우는 전자회로 실험 : 기본 소자부터 응용 회로까지",이강윤 ,,2014-06-05,9791156641117
"IT CookBook, HTML5 웹 프로그래밍 입문(개정판)",윤인성 ,,2016-12-26,9791156643074
유닉스 리눅스 셸 스크립트 예제 사전,오스미 유스케 ,서수환 ,2015-08-27,9788968482137
"JavaScript+jQuery 정복 : 보고, 이해하고, 바로 쓰는 자바스크립트 공략집",김상형 ,,2014-10-17,9788968481321
"IT CookBook, C C++로 배우는 자료구조론",주우석 ,,2015-02-24,9791156641780
프로그래머 첫걸음,코리 알트호프 ,한선용 ,2018-01-02,9791162240380
뇌를 자극하는 C++ 프로그래밍,이현창 ,,2006-07-06,8979144199
"IT CookBook, 기본 개념과 핵심 원리로 배우는 C++ 프로그래밍",김화수 ,,2017-12-22,9791156643647
"IT CookBook, 핵심이 보이는 전자회로",신경욱 ,,2014-07-22,9791156641308
Head First Physics : 생생한 게임 개발에 꼭 필요한 물리 이야기,헤더 랭 ,홍형경 ,2010-02-02,9788979147285
"IT CookBook, CMOS 디지털 집적회로 설계 : 기본 이론부터 실습까지",신경욱 ,,2014-05-30,9791156641100
"IT CookBook, 핵심이 보이는 전자회로 실험 with PSPICE",신경욱 ,,2017-11-30,9791156643654
"게임 만드는 사람들의 리얼 수다 : 개발 경력 도합 150년, 게임 개발자 17인을 만나다",박민영 ,,2014-11-27,9788968481437
"IT CookBook, 핵심이 보이는 전자회로 with PSPICE(개정판)",신경욱 ,,2018-04-30,9791156643883
Windows 시스템 실행파일의 구조와 원리,이호동 ,,2005-05-25,897914332x
"IT CookBook,  파이썬 for Beginner",우재남 ,,2017-11-30,9791156643593
"IT CookBook, Android Studio를 활용한 안드로이드 프로그래밍(개정3판)","우재남 , 박길식 ",,2018-02-06,9791156643838
이것이 오라클이다,우재남 ,,2018-03-02,9791162240489
"IT CookBook, C 언어 for Beginner(개정3판)",우재남 ,,2018-06-30,9791156643951
"IT CookBook, 페도라 리눅스(개정판)",이종원 ,,2017-11-10,9791156641599
모던 웹을 위한 JavaScript + jQuery 입문(3판),윤인성 ,,2017-05-01,9788968483554
Hello Coding 파이썬,윤인성 ,,2018-01-02,9791162240274
뇌를 자극하는 ASP.NET 2.0 프로그래밍,이시환 ,,2006-07-06,8979144083
"IT CookBook, 우분투 리눅스(개정판)",이종원 ,,2018-02-20,9791156643821
"윈도우즈 API 정복(개정판), 제1권",김상형 ,,2006-06-01,8979144210
자바스크립트 자료구조와 알고리즘 : 구조적이고 효율적인 자바스크립트 프로그래밍 기법 익히기,마이클 맥밀런 ,우정은 ,2014-08-28,9788968481222
"윈도우즈 API 정복(개정판), 제2권",김상형 ,,2006-06-01,8979144229
"IT CookBook, 핵심 API로 배우는 윈도우 프로그래밍",강경우 ,,2015-06-28,9791156641872
Hello Coding 그림으로 개념을 이해하는 알고리즘,아디트야 바르가바 ,김도형 ,2017-04-01,9788968483547
Hello Coding 프로그래밍,Pope Kim ,,2018-01-02,9791162240342
"Blog2Book, 고객을 사로잡는 매력적인 제안서와 창의적인 제안팀 이야기","류현주 , 박민영 ",,2009-03-04,9788979146608
"IT CookBook, MFC 윈도우 프로그래밍",강경우 ,,2017-06-26,9791156643265
"IT CookBook, 비주얼 베이직 for Beginner",임관철 ,,2014-09-01,9791156641360
위대한 게임 위대한 기획자,"박찬일 , 최기운 ",,2014-07-14,9788968481130
생각하며 배우는 대학물리학,이기영 ,,2012-01-05,9788979148978
게임 디자인 레벨업 가이드(개정2판) : 유저가 열광하는 위대한 게임을 만드는 기획,스콧 로저스 ,"정하율 , 강권학 , 김경태 , 우정은 ",2015-12-02,9788968482380
이것이 Windows Server다,우재남 ,,2017-07-01,9788968488610
"IT CookBook, 아날로그 CMOS 집적회로 설계 : Design of Analog CMOS Integrated Circuits",버자드 라자비(Behzad Razavi) ,"김대정 , 이강윤 , 이종창 ",2009-05-15,9788979146721
"IT CookBook, C언어 for Beginner(개정판)",우재남 ,,2014-08-08,9791156641339
이것이 C++이다,최호성 ,,2016-01-19,9788968482465
"IT CookBook, Compact C 프로그래밍",김충석 ,,2014-12-15,9791156641483
Programming Challenges: 알고리즘 트레이닝 북,"스티븐 스키에나 , 미구엘 레비야 ",서환수 ,2004-07-14,8979142889
"IT CookBook, 디지털 집적회로 해석 및 설계","데이비드 하지즈 , 호레스 잭슨 , 레스베 살레 ",김대정 ,2010-08-20,9788979147513
사전처럼 바로 찾아 쓰는 알고리즘,"조지 T. 하인만 , 게리 폴리케 , 스탠리 셀코 ",전경원 ,2010-03-08,9788979147292
누워서 읽는 알고리즘: 프로그래밍 상상력을 키워주는 알고리즘 이야기,임백준 ,,2015-10-16,9788968482274
뇌를 자극하는 C 프로그래밍,서현우 ,,2005-10-01,8979143443
뇌를 자극하는 알고리즘,박상현 ,,2009-09-04,9788979146875
더글라스 크락포드의 자바스크립트 핵심 가이드,더글라스 크락포드(Douglas Crockford) ,김명신 ,2008-09-26,9788979145984
뇌를 자극하는 C# 5.0 프로그래밍,박상현 ,,2014-08-19,9788968481161
자바스크립트를 말하다 : 가장 간결하면서도 완벽한 자바스크립트 입문서,악셀 라우슈마이어 ,한선용 ,2014-09-12,9788968481192
"IT CookBook, 정보보안 이론과 실제",마크 스탬프 ,"안태남 , 손용락 , 이광석 ",2015-09-17,9791156642008
"IT CookBook, 비주얼 베이직 2010 for Beginner",임관철 ,,2015-02-26,9791156641728
크리스 크로퍼드의 인터랙티브 스토리텔링,크리스 크로퍼드 ,최향숙 ,2015-12-01,9788968482403
생각하며 배우는 대학물리학,이기영 ,,2018-02-02,9791156643784
"IT CookBook, 비주얼 베이직 2015 for Beginner",임관철 ,,2016-12-30,9791156643067
정유진의 웹 2.0 기획론: 강력한 웹 2.0 서비스를 만드는 13개의 키워드,정유진 ,,2006-12-15,8979144555
"IT CookBook, 비주얼 베이직 프로그래밍 : 윈도우 프로그래밍의 첫 걸음",고응남 ,,2007-10-26,9788979145007
회사에서 바로 통하는 돋보이는 기획서,이시오카 히로쿠니 ,전경아 ,2009-01-14,9788996185512
"Head First Python, 개정판",폴 배리 ,우정은 ,2017-12-04,9791162240281
"IT CookBook, 네트워크 해킹과 보안 개정3판 : 정보 보안 개론과 실습",양대일 ,,2016-12-28,9791156642770
지금 당장 기획공부 시작하라,박경수 ,,2014-06-11,9788994120812
"IT CookBook, 정보 보안 개론 개정3판",양대일 ,,2018-01-10,9791156643616
더 나은 프로그래밍을 위한 코드골프 : 즐기면서 배우는 자바스크립트 코드 퍼즐과 알고리즘,야나이 마사카즈 ,"손정도 , 김정현 ",2015-01-28,9788968481673
"IT CookBook, C++ 프로그래밍 기초 : 객체지향의 시작","성윤정 , 김태은 ",,2014-03-12,9791156641049
"IT CookBook, 인터넷 이해와 활용 : 인터넷 기초부터 홈페이지 제작까지(개정2판)","안치현 , 김형철 ",,2014-03-12,9791156641056
The Art of Computer Programming 1: 기초 알고리즘(개정 3판),도널드 커누스(Donald E. Knuth) ,류광 ,2006-09-28,9788979144307
The Art of Computer Programming 2: 준수치적 알고리즘(개정 3판),도널드 커누스(Donald E. Knuth) ,류광 ,2007-09-14,9788979144840
만들면서 배우는 모던 웹사이트 디자인,야무(지훈) ,,2014-03-17,9788968480904
"Blog2Book, 아는 만큼 보이는 데이터베이스 설계와 구축",이춘식 ,,2008-07-04,9788979145571
The Art of Computer Programming 3: 정렬과 검색(개정 2판),도널드 커누스(Donald E. Knuth)) ,류광 ,2008-01-01,9788979145496
"Introduction To Algorithms, Third Edition","토머스 코멘 , 찰스 레이서손 , 로날드 리베스트 , 클리포드 스타인 ","문병로 , 심규석 , 이충세 ",2014-07-10,9791156641131
"모던 웹을 위한 JavaScript + jQuery 입문(개정판) : 자바스크립트에서 제이쿼리, 제이쿼리 모바일까지 한 권으로 끝낸다",윤인성 ,,2013-09-03,9788968480423
Thinking About : PPL을 이용한 VC++ 병렬 프로그래밍(2판),김경진 ,,2014-03-17,9788968486548
폴리글랏 프로그래밍 : 새로운 자바 언어를 기다리는 히치하이커를 위한 안내서,임백준 ,,2014-03-18,9788968480867
Thinking about C/C++ : 프로그래머가 몰랐던 프로그램의 동작 원리(프로그램 개발편),박수현 ,,2014-03-27,9788968486937
실무 예제로 배우는 Elasticsearch 검색엔진(기본편),정호욱 ,,2014-03-25,9788968486913
생생 IT 토크 : 프로그래머들의 클라우드 이야기,"강대명 , 박민우 , 박현우 , 진성주 ",,2014-03-31,9788968486920
Thinking about C/C++ : 프로그래머가 몰랐던 프로그램의 동작 원리(프로그램 생성편),박수현 ,,2014-04-24,9788968486951
린 마인드셋 : 린 스타트업을 위한 경영 철학,"메리 포펜딕 , 톰 포펜딕 ",위선주 ,2014-04-02,9788968480928
오래가는 UX 디자인: 모바일 시대의 제품 디자인 기본 원칙,반준철 ,,2013-01-24,9788979149982
기획은 퍼즐이다,박경수 ,,2014-11-18,9788994120942
자바 객체지향 디자인 패턴: UML과 GoF 디자인 패턴 핵심 10가지로 배우는,"정인상 , 채흥석 ",,2014-04-28,9788968480911
재미있는 게임을 만드는 게임 밸런스 이야기,손형률 ,,2014-04-27,9788968480294
나의 첫 파이썬,에릭 마테스 ,한선용 ,2017-05-01,9788968483561
"인사이드 자바스크립트 : 핵심 개념과 원리를 정확하게. jQuery, Node.js, 클로저의 개념까지","송형주 , 고현준 ",,2014-01-02,9788968480652
린 분석 : 성공을 예측하는 31가지 사례와 13가지 패턴,"앨리스테어 크롤 , 벤저민 요스코비츠 ",위선주 ,2014-01-02,9788968480690
"iOS 7 핵심 노트 : Xcode 5, 플랫 UI, API 중심으로 살펴보는 iOS 7",야곰 ,,2013-12-31,9788968486579
"IT CookBook, 페도라 리눅스 : 시스템 & 네트워크",이종원 ,,2014-01-02,9788998756659
"뇌를 자극하는 SQL Server 2012 (2권, 관리/응용편)",우재남 ,,2014-04-28,9788968480782
R로 배우는 데이터 분석 기본기 데이터 시각화 : 예제와 함수 중심으로 배우는 빅데이터 분석,후나오 노부오 ,김성재 ,2014-01-02,9788968480645
SQL 레벨업 : DB 성능 최적화를 위한 SQL 실전 가이드,미크 ,윤인성 ,2016-01-22,9788968482519
"IT CookBook, 쉽게 배우는 유전 알고리즘 : 진화적 접근법",문병로 ,,2014-09-02,9791156641353
만들면서 배우는 모던 웹사이트 제작,야무(지훈) ,,2015-04-20,9788968481871
브루스 테이트의 세븐 랭귀지 : 프로그래머라면 알아야 할 미래를 품은 7가지 언어,브루스 테이트 ,임백준 ,2015-04-27,9788968481857
"IT CookBook, enjoy design 일러스트레이터 CS6","김경진 , 김부치 ",,2014-01-03,9788998756727
"IT CookBook, 인터넷 해킹과 보안(개정판) : 정보 보안 개론과 실습",김경곤 ,,2014-01-08,9788998756666
SQL 첫걸음: 하루 30분 36강으로 배우는 완전 초보의 SQL 따라잡기,아사이 아츠시 ,박준용 ,2015-10-26,9788968482311
"IT CookBook, 디지털 논리회로 실험 : 120개의 기본 실험과 12개의 텀 프로젝트","임석구 , 홍경호 ",,2014-01-08,9788998756758
만들면서 배우는 Swift : 스위프트로 시작하는 iOS 개발,야곰 ,,2014-11-12,9788968486753
실무 예제로 배우는 Elasticsearch 검색엔진(활용편),정호욱 ,,2015-03-09,9788968487422
Head First SQL : 효율적인 DB 관리를 위한 SQL 학습법,린 베일리 ,박종걸 ,2008-05-28,9788979145601
"IT CookBook, 윈도우 프로그래밍 : Visual C++ 2010 MFC Programming","김선우 , 신화선 ",,2014-01-08,9788998756697
iOS 8 핵심 노트,야곰 ,,2015-05-15,9788968487491
사물 인터넷 · 웨어러블 Ver 0.9: 새로운 IT 플랫폼을 완성하는 서비스 기획 · UX 가이드,송태민 ,,2015-03-28,9788968481635
iOS 9 핵심 노트,야곰 ,,2015-10-14,9788968487545
모던 웹을 위한 실시간 사용자 경험(UX) 프로그래밍: 웹사이트에 인터랙티브를 더하는 마술,테드 로덴 ,백기선 ,2012-05-04,9788979149159
멀티 디바이스 UX 디자인 : 사물인터넷 생태계 경험을 지배하는 3가지 핵심 원리,미할 레빈 ,이미령 ,2014-11-12,9788968481307
엔지니어를 위한 데이터 시각화 :  D3.js로 배우는 데이터 시각화 이론과 12가지 사례,"모리후지 다이치 , 안티베이지안 ",김성재 ,2015-04-27,9788968481918
데이터 시각화를 위한 데이터 인사이트 : 빅데이터를 바라보는 통찰의 눈,헌터 휘트니 ,한선용 ,2014-04-18,9788968480942
스위프트 프로그래밍 2판,야곰 ,,2017-10-01,9791162240052
"IT CookBook, 쉽게 배우는 알고리즘(개정판)",문병로 ,,2018-01-20,9791156643753
맛있는 디자인 일러스트레이터 CS6,우보명 ,,2012-12-12,9788979149890
맛있는 디자인 일러스트레이터 CC,빨간고래(박정아) ,,2014-10-16,9788968481284
Head First PHP & MySQL: 효과적이고 생동감 넘치는 웹 애플리케이션 만들기,"린 베일리 , 마이클 모리슨 공저 ",홍승표 ,2010-05-07,9788979147391
"IT CookBook, 인터넷 해킹과 보안 개정3판",김경곤 ,,2017-06-30,9791156643272
회사에서 바로 통하는 일러스트레이터 CS5,박혜진(삐딱대가리) ,,2011-04-28,9788979148244
"IT CookBook, C 언어로 배우는 8051 마이크로프로세서",임석구 ,,2014-07-28,9791156641278
"IT CookBook, 디지털 논리회로(개정3판) : 이론, 실습, 시뮬레이션","임석구 , 홍경호 ",,2015-07-07,9791156641889
"IT CookBook, 디지털 공학 : 논리회로의 설계 원리","김대정 , 모현선 ",,2013-12-02,9788998756765
10년차 디자이너에게 1:1로 배우는 일러스트레이터 디자인 강의,장보경(앤하우스) ,,2014-01-08,9788968480768
비즈니스 활용 사례로 배우는 데이터 분석:R,"사카마키 류지 , 사토 요헤이 ",손정도 ,2015-10-28,9788968482113
린 고객 개발 : 고객의 지갑을 여는 제품 만들기,신디 앨버레즈 ,"박주훈 , 이광호 ",2015-04-27,9788968481864
린 스타트업 실전 UX: 더 빠르고 스마트하게 일하는 린 UX 실행 전략,로라 클라인 ,"김수영 , 박기석 ",2014-09-28,9788968481086
"IT CookBook, 프로젝트로 배우는 자바 웹 프로그래밍",황희정 ,,2014-01-09,9788998756680
"IT CookBook, New 인터넷 이해와 활용",김경신 ,,2014-01-09,9788998756703
"개발자, 나를 말하다 : 게임, 모바일, 웹, 시스템, DB 개발자의 진솔한 이야기",용영환 ,,2014-01-27,9788968486593
해커와 화가,폴 그레이엄 ,임백준 ,2014-01-24,9788968480713
함수형 자바스크립트 : 새롭고 올바른 자바스크립트 프로그래밍 기법,마이클 포거스 ,우정은 ,2014-01-28,9788968480799
MariaDB 실전 활용 노하우 : 카카오 실무자가 알려주는 마리아DB 활용 노하우,성동찬 ,,2014-01-29,9788968486883
"IT CookBook, C로 시작하는 컴퓨터 프로그래밍(개정판)","문호석 , 손명호 ",,2014-02-17,9788998756925
"IT CookBook, TCP/IP 윈도우 소켓 프로그래밍",김선우 ,,2013-07-28,9788998756444
"IT CookBook, 인터넷 프로그래밍 입문 : HTML, CSS, JavaScript","주성례 , 정선호 , 한민형 , 권원상 ",,2014-02-17,9788998756895
"IT CookBook, C로 배우는 쉬운 자료구조(개정판)",이지영 ,,2013-07-28,9788998756383
맛있는 디자인 드림위버 CC,"임화연 , 이해령 ",,2015-07-28,9788968482120
맛있는 디자인 애프터 이펙트 CS6 & CC,이수정 ,,2014-11-21,9788968481420
"IT CookBook, C로 배우는 쉬운 자료구조(개정3판)",이지영 ,,2016-07-28,9791156642695
맛있는 디자인 인디자인 CC,황지완 ,,2016-02-19,9788968482427
뇌를 자극하는 PHP 프로그래밍,조명진 ,,2009-07-21,9788979146585
"IT CookBook, 마이크로컨트롤러 AVR ATmega128 : 상태도를 이용한 시스템 설계",이상설 ,,2013-07-02,9788998756376
맛있는 디자인 프리미어 프로 CS6 & CC,"윤성우 , 김덕영 ",,2015-09-11,9788968482090
맛있는 디자인 포토샵 CC,"윤이사라(포완카) , 박효근 ",,2015-07-28,9788968482083
"IT CookBook, 디지털 실험 : with PSpice",홍순관 ,,2013-12-31,9788998756772
"IT CookBook, 단계별로 따라하며 배우는 디지털 공학 실험","이승호 , 민경옥 ",,2013-08-21,9788998756499
"IT CookBook, 기초 전기전자 에센스","모현선 , 장성용 , 홍익표 ",,2016-12-31,9791156642978
해커스 : 세상을 바꾼 컴퓨터 천재들 (무삭제판),스티븐 레비 ,"박재호 , 이해영 ",2013-08-19,9788968480454
회사에서 바로 통하는 엑셀 실무 데이터 분석,최준선 ,,2012-11-20,9788979149807
파이썬을 활용한 베이지안 통계: 동전 던지기와 하키 승률로 배우는 데이터 분석,앨런 B. 다우니 ,권정민 ,2014-07-14,9788968481147
"IT CookBook, 초보자의 첫 번째 컴퓨터와 인터넷 활용",최희식 ,,2009-11-05,9788979147001
맛있는 디자인 일러스트레이터 CC 2017,박정아 ,,2017-10-10,9791162240069
맛있는 디자인 포토샵&일러스트레이터 CC 2018,"박정아 , 박효근 , 윤이사라(포완카) ",,2018-04-02,9791162240564
"IT CookBook, C로 시작하는 컴퓨터 프로그래밍 개정3판","문호석 , 손명호 ",,2017-04-17,9791156643180
맛있는 디자인 일러스트레이터 CC 2018,박정아 ,,2018-06-05,9791162240755
"IT CookBook for Beginner, 인터넷 프로그래밍 기초",고민정 ,,2008-01-28,9788979145557
일러스트레이터 트레이닝 북: Illustrator Training Book,박혜진 삐딱대가리 ,,2009-01-28,9788979146240
"IT CookBook, 윈도우 네트워크 프로그래밍 : TCP/IP 소켓 프로그래밍","김선우 , 필드어드바이저: 김재우 ",,2008-12-01,9788979146387
맛있는 디자인 포토샵 CS6,"임화연 , 이세련 , 이해령 ",,2013-02-28,9788968480010
After Effects Professional Training book: 모션 그래픽 실무 예제집,이수정 ,,2008-09-19,9788979145960
10년차 디자이너에게 1:1로 배우는 편집 디자인 강의+인디자인,황지완 ,,2014-04-28,9788968480935
"Modern PHP: 네임스페이스, 트레이트, 클로저부터 모범 사례와 최신 도구까지",조시 록하트 ,정병열 ,2015-10-15,9788968482250
"IT CookBook, PHP 프로그래밍 for Beginner","박대혁 , 강의선 ",,2009-07-08,9788979146318
맛있는 디자인 프리미어 프로 CC 2018,"윤성우 , 김덕영 ",,2018-05-15,9791162240717
맛있는 디자인 포토샵&인디자인 CC 2018,"박효근 , 윤이사라(포완카) , 황지완 ",,2018-08-03,9791162240915
맛있는 디자인 포토샵 CC 2018,"윤이사라(포완카) , 박효근 ",,2018-02-05,9791162240465
모션 그래픽 디자인 강의 + 애프터 이펙트,이수정 ,,2016-09-21,9788968484896
"IT CookBook, 기초전자실험(개정판) : with PSpice",홍순관 ,,2016-06-10,9791156642589
"IT CookBook, 처음 만나는 회로이론",방성완 ,,2016-01-12,9791156642350
기초 확률과 통계 : BASIC PROBABILITY & STATISTICS,박대수 ,,2013-08-21,9788998756543
"IT CookBook, 전기전자공학 개론(개정 5판)",Stan Gibilisco ,"권기영 , 윤석범 , 정영배 ",2013-02-11,9788998756017
회사에서 바로 통하는 엑셀 2013,한은숙 ,,2014-07-09,9788968481079
"IT CookBook, 기초 회로이론(개정판) : 선형회로해석의 기본 원리",최윤식 ,,2014-07-22,9791156641292
이공계생을 위한 확률과 통계 : Forward-Looking Probability and Statistics,안승철 ,,2014-07-10,9791156641223
"IT CookBook, 초보자의 첫 번째 워드 2010",최희식 ,,2014-02-19,9788998756987
"IT CookBook, 파워포인트 2013 for Beginner",최희식 ,,2014-10-28,9791156641285
나는 일러스트레이터다(개정판) : 비정규 아티스트 밥장이 알려주는 프리랜서의 명쾌한 자기 관리법,밥장 ,,2014-02-07,9788968480805
로고를 활용한 디자인 실무 강의 with 일러스트레이터+포토샵,장보경(앤하우스) ,,2018-03-05,9791162240496
"IT CookBook, 워드 2013 for Beginner",최희식 ,,2014-10-28,9791156641384
10년차 디자이너에게 1:1로 배우는 포토샵 디자인 강의,정다영 ,,2015-01-28,9788968481666
디자인 굿즈 만들기 with 포토샵&일러스트레이터,김신애 ,,2016-11-01,9788968484766
"IT CookBook, enjoy design 포토샵 CS6",이영주 ,,2013-07-28,9788998756352
"IT CookBook, Play 포토샵",원다예 ,,2015-04-27,9791156641803
PHP 보안: 몇 줄의 코드로 안전하게,크리스 쉬플릿 ,한동훈 ,2006-03-07,8979143877
맛있는 디자인 인디자인 CS6,황지완 ,,2012-11-28,9788979149814
이것이 편집디자인이다: 편집디자이너가 알아야 할 모든 것,김덕희(CDM The Big) ,,2012-06-18,9788979149340
"IT CookBook, 회로이론 : Circuits","Fawwaz T. Ulaby , Michel M. Maharbiz ","박병국 , 조성재 , 강인만 , 김중빈 ",2014-07-22,9791156641193
엑셀 함수&수식 바이블: 회사에서 필요한 함수&수식은 모두 있다!,최준선 ,,2015-04-28,9788968481826
내 일상을 꾸며주는 포토샵 CS6&CC,우보명(야우) ,,2013-12-26,9788968480744
포토샵 디자인 스타일북 : 6 TYPES 20 STYLES,김혜경 ,,2013-05-28,9788968480218
엑셀 매크로&VBA 바이블: 회사에서 필요한 코드는 모두 있다!,최준선 ,,2012-06-28,9788979149357
"IT CookBook, 인터넷 윤리","최희식 , 김상균 ",,2016-08-26,9791156642503
제대로 배우는 MATLAB,방성완 ,,2014-10-10,9791156641346
"IT CookBook, 초보자의 첫 번째 워드 2007",최희식 ,,2009-11-05,9788979146998
"IT CookBook, 기초 회로이론(개정 2판)",최윤식 ,,2017-12-28,9791156643715
회사에서 바로 통하는 엑셀+파워포인트+워드 2013(개정판),"전미진 , 이화진 , 신면철 ",,2014-10-28,9788968481369
"IT CookBook, 파워포인트 2013 : 기본 기능부터 프레젠테이션 스킬까지 한번에!","채종서 , 차유빈 ",,2014-12-17,9791156641377
회사에서 바로 통하는 엑셀+파워포인트+워드 2010,"전미진 , 이화진 , 신면철 ",,2011-08-22,9788979148534
회사에서 바로 통하는 파워포인트 2013,전상오 ,,2014-11-25,9788968481413
"IT CookBook, 초보자의 첫 번째 파워포인트 2010",최희식 ,,2013-07-28,9788998756536
"IT CookBook, 엑셀과 파워포인트 2013 개정판",강동진 외 4 ,,2015-04-10,9791156641773
"IT CookBook, UI/UX 디자인 이론과 실습",이영주 ,,2015-09-23,9791156642022
"IT CookBook, 포토샵 CC 2017",이영주 ,,2017-11-27,9791156643623
스콧 켈비의 사진가를 위한 포토샵 CS6,스콧 켈비(Scott Kelby) ,홍성희 ,2013-07-09,9788968480324
회사에서 바로 통하는 포토샵 CS4,원다예 ,,2009-04-09,9788979146660
"IT CookBook, 모바일 UI/UX 디자인 실무",이영주 ,,2018-07-09,9791156644088
회사에서 바로 통하는 엑셀+파워포인트+워드 2013 & 한글 2014,"전미진 , 이화진 , 신면철 ",,2015-05-19,9788968481949
"잰양, 티백, 앤하우스의 디자인문구 다락방","류재은 , 김신애 , 장보경 ",,2010-08-26,9788979147643
뽀얀의 포토샵 일러스트 하우스 II 미술사 거장을 만나다,뽀얀(김은혜) ,,2010-04-23,9788979147360
회사에서 바로 통하는 엑셀+파워포인트+워드 2013 & 한글 2014 & 윈도우 10,"전미진 , 이화진 , 신면철 , 박광수(아크몬드) ",,2016-03-28,9788968482731
공학과 경영,김상균 ,,2016-07-07,9791156642626
"IT CookBook, 기초전자실험 : with PSpice",홍순관 ,,2013-03-19,9788998756123
"나에게, 포토샵: 생활 디자이너 7명이 들려주는 일상, 작업, 포토샵 이야기","김효정 , 김진숙 , 이지남 , 조영주 , 신동욱 , 최재연 , 조선진 ",,2013-03-25,9788968480096
"IT CookBook, 광통신 공학 : MATLAB과 함께하는 광통신 시스템",이종형 ,,2015-02-24,9791156641759
마담의크스와 함께 하는 손글씨&동꼬 by 포토샵,"마담의크스 카페 , 네모기획 ",,2006-07-12,8979144261
"IT CookBook, MATLAB으로 배우는 공학 수치해석",방성완 ,,2014-01-24,9788998756840
"IT CookBook, 디지털 신호 처리 : 기본 이론부터 MATLAB 실습까지",이철희 ,,2013-07-31,9788998756307
"IT CookBook, 핵심이 보이는 신호 및 시스템 : 기본 이론부터 MATLAB 실습까지",이철희 ,,2015-01-09,9791156641469
회사에서 바로 통하는 엑셀&파워포인트 2010,"이희정 , 전미진 ",,2010-09-16,9788979147636
MATLAB으로 배우는 공학수학 : Engineering Mathematics,소상균 ,,2014-01-28,9788998756871
회사에서 바로 통하는 엑셀 2010 함수 이해&활용,최준선 ,,2012-09-17,9788979149630
"IT CookBook, 엑셀과 파워포인트 2010 실무와 활용","전미진 , 고경희 ",,2014-02-24,9788998756789
UX/UI 디자이너를 위한 스케치 완전정복,조정옥 ,,2017-08-15,9788968488689
좋은 사진을 만드는 김주원의 포토샵 사진 강의,김주원 ,,2012-05-14,9788979149265
회사에서 바로 통하는 파워포인트 2010,"이상훈 , 김연희 ",,2011-05-03,9788979148015
회사에서 바로 통하는 엑셀&파워포인트 2013,"이희정 , 전미진 ",,2014-11-25,9788968481406
포토샵 CS 디자인 스쿨(증보판),이문형 ,,2008-02-25,9788979145045
아이벤의 블링블링 포토샵,"김현태 , 아이벤 포토샵 카페 ",,2009-09-28,9788979146929
창의적 공학설계(개정판),김은경 ,,2016-01-08,9791156642381
뽀얀의 일러스트 하우스 by 포토샵,김은혜 ,,2007-12-11,9788979145205
회사에서 바로 통하는 한글 2014,신면철 ,,2015-02-27,9788968481734
"IT CookBook, 컴퓨터 활용 : 윈도우 7, 한글 2010, 엑셀 2010, 파워포인트 2010","김주영 , 정영준 ",,2013-03-20,9788998756154
스콧 켈비의 라이트룸 CC 킬러 팁 북,스콧 켈비(Scott Kelby) ,문보라 ,2016-05-31,9788968482854
"IT CookBook, 파워포인트 2010 실무와 활용",고경희 ,,2014-02-24,9788998756949
호기심디테일의 포토샵 CS5,귀동걸(박귀염) ,,2012-01-05,9788979148893
위닝 프레젠테이션 : 프레젠테이션 전문 코치가 1:1로 가르쳐주는 30가지 비밀,채종서 ,,2014-03-27,9788968480898
회사에서 바로 통하는 한글 NEO FOR STARTERS,신면철 ,,2017-06-28,9788968488092
"IT CookBook, 원리로 이해하는 통신이론 : Analog & Digital Communications",한동석 ,,2015-01-01,9791156641445
"IT CookBook, 엑셀 2010 실무와 활용",전미진 ,,2014-02-24,9788998756802
엑셀 2010 바이블,최준선 ,,2011-09-28,9788979148541
수식이 보이는 공학수학 : Engineering Mathematics,장윤석 ,,2013-03-07,9788998756062
"IT CookBook, 파워포인트 2007 실무와 활용",고경희 ,,2014-02-17,9788998756901
좋은 사진을 만드는 김주원의 DSLR 사진 입문  : 누구에게도 묻지 못했던 사진에 관한 87가지 질문,김주원 ,,2013-06-11,9788968480232
회사에서 바로 통하는 엑셀&파워포인트 2007,"한은숙 , 고경희 ",,2008-06-11,9788979144888
좋은 사진을 만드는 김주원의 풍경사진,김주원 ,,2015-03-28,9788968481833
좋은 사진을 만드는 김주원의 미러리스 & DSLR 사진강의,김주원 ,,2015-11-12,9788968482267
최신 공학수학 with Sage Ⅰ,"이상구 , 김영록 , 박준현 , 김응기 , 이재화 ",,2016-01-12,9791156642091
"IT CookBook, 공업수학 : 기본 개념부터 응용까지",이준탁 ,,2015-02-16,9791156641742
설계 프로세스로 배우는 창의적 공학설계,노승환 ,,2014-06-27,9791156641094
최신 공학수학 with Sage Ⅱ,"이상구 , 김영록 , 박준현 , 김응기 , 이재화 ",,2016-01-12,9791156642107
"창의와 혁신의 시크릿, 트리즈 : Training How To Think Inventively",김은경 ,,2015-07-10,9791156641902
실전으로 배우는 발명·특허,윤상원 ,,2014-06-30,9791156641162
MATLAB으로 배우는 공학수학 : Engineering Mathematics (개정판),소상균 ,,2018-04-05,9791156643869
회사에서 바로 통하는 파워포인트 2007(개정판),이희정 ,,2009-10-14,9788979146905
회사에서 바로 통하는 엑셀+파워포인트 2013&한글 2014,"전미진 , 이화진 , 신면철 ",,2015-04-28,9788968481932
"IT CookBook, 영상을 이용한 디지털 신호처리 : 실제적인 사례와 응용","엄민영 , 김성제 ",,2014-01-28,9788998756857
"IT CookBook, 통신시스템의 기초 : Fundamentals of Communications Systems",마이클 피츠 ,"고균병 , 이종형 , 장은영 , 홍대기 ",2009-03-09,9788979146554
회사에서 바로 통하는 엑셀 2016 FOR STARTERS,전미진 ,,2017-03-15,9788968483455
회사에서 바로 통하는 파워포인트 2016 FOR STARTERS,이화진 ,,2017-04-14,9788968483462
"IT CookBook, 초보자의 첫 번째 엑셀 2010",양숙희 ,,2013-03-12,9788998756109
회사에서 바로 통하는 엑셀 파워포인트 워드 2016 한글 NEO + 원노트,"전미진 , 이화진 , 신면철 ",,2016-10-21,9788968484889
수식이 보이는 공학수학 : Engineering Mathematics (개정판),장윤석 ,,2018-06-20,9791156644026
전공이 보이는 미분적분학: FOR ELECTRICAL & ELECTRONIC ENGINEERS,장윤석 ,,2015-05-30,9791156641827
"IT CookBook, 초보자의 첫 번째 파워포인트 2007",고경희 ,,2009-11-05,9788979147025
"IT CookBook, 컴퓨터 실습 : 윈도우 XP, 한글 2007, 엑셀 2007, 파워포인트 2007","김주영 , 정영준 ",,2013-03-20,9788998756185
엑셀 2007 바이블: 엑셀의 거의 모든 기능,최준선 ,,2008-11-28,9788979146042
"IT CookBook, 초보자의 첫 번째 엑셀 2007",양숙희 ,,2014-02-19,9788998756000
엑셀 2010 함수 바이블,이동숙 ,,2011-02-28,9788979148084
slide:ology - 위대한 프레젠테이션을 만드는 예술과 과학,낸시 두아르떼(Nancy Duarte) ,서환수 ,2010-03-08,9788979147308
회사에서 바로 통하는 엑셀 2007 개정판,전미진 ,,2009-08-21,9788979146776
"IT CookBook, 디지털 시스템 설계 및 실습 with VHDL & Verilog HDL",노승환 ,,2017-01-02,9791156642992
창의융합 프로젝트 아이디어북 : Creative Convergence Capstone Design with PBL,조준동 ,,2015-06-10,9791156641858
당신의 프레젠테이션이 항상 그 모양인 이유,전철웅 ,,2011-05-28,9788979147803
기초 공업수학,마인숙 ,,2017-02-28,9791156642985
"IT CookBook, 디지털 영상처리 입문 : 오감을 자극하는 3차원 입체 학습","신종홍 , 장선봉 , 지인호 ",,2015-02-16,9791156641766
공학 핵심수학 : Core Mathematics for Engineering,함남우 ,,2015-01-01,9791156641438
공학 기초수학 : Basic Mathematics for Engineering,함남우 ,,2014-07-07,9791156641179
기초수학 : Basic Mathematics,"이재원 , 박성욱 ",,2014-03-21,9791156641087
인포그래픽 프레젠테이션 : 보는 순간 착 달라붙는 인포그래픽 제작 비법 68,곽승원 ,,2014-01-02,9788968480751
"IT CookBook, 디지털 통신 시스템 : Digital Communication Systems","정호영 , 임승각 ",,2011-01-31,9788979147988
"IT CookBook, 초보자의 첫 번째 한글 2010",양숙희 ,,2014-08-01,9791156641124
회사에서 바로 통하는 엑셀 실무 강의,전미진 ,,2016-09-08,9788968484919
"IT CookBook, 엑셀 2013 for Beginner",양숙희 ,,2014-11-28,9791156641407
"IT CookBook, 한글 2014 for Beginner",양숙희 ,,2014-12-04,9791156641414
기초 미분적분학 : Pre Calculus,함남우 ,,2014-01-28,9788998756819
미적분학,"Carol Ash , Robert B. Ash ","김광수 , 최형규 ",2016-01-21,9791156642343
회사에서 바로 통하는 엑셀 데이터 활용+분석,"김경자 , 송선영 ",,2016-06-30,9788968482823
대학수학 Plus : University Mathematics,이재원 ,,2013-10-14,9788998756635
"IT CookBook, 기초 신호 및 시스템",이철희 ,,2016-07-18,9791156642657
컨설턴트가 알려주는 보고서 작성의 기술 with 파워포인트,홍장표 ,,2015-07-17,9788968481925
파워포인트 블루스,김용석 ,,2009-05-21,9788979146653
회사에서 바로 통하는 엑셀&파워포인트 2016,"전미진 , 이화진 ",,2017-07-07,9788968483332
"IT CookBook, 알기 쉬운 최신 VLSI 설계: CMOS부터 SoC까지",조준동 ,,2015-09-17,9791156641971
누구나 할 수 있는 인포그래픽 with 파워포인트,곽승원(꽉군) ,,2015-11-27,9788968482434
"IT CookBook, VHDL을 이용한 FPGA 디지털 설계 : 실습부터 응용까지",노승환 ,,2014-01-28,9788998756833
"IT CookBook, VHDL을 이용한 디지털 회로 입문","나미키 히데아키 , 나가이 다카미치 ","김은성 , 이영희 ",2009-05-30,9788979146714
회사에서 바로 통하는 엑셀+파워포인트 2016&한글 NEO,"전미진 , 이화진 , 신면철 ",,2017-07-12,9788968483363
기초 미분적분학(개정판) : Pre Calculus,함남우 ,,2017-07-07,9791156643210
회사에서 바로 통하는 엑셀+파워포인트 2016&한글 NEO&윈도우 10,"전미진 , 이화진 , 신면철 , 박광수(아크몬드) ",,2018-01-02,9791162240250
이자론 중심으로 배우는 금융수학 : 보험계리사 시험 대비,이재원 ,,2014-10-10,9791156641315
"IT CookBook, 확률과 랜덤 과정",정호영 ,,2018-01-15,9791156643791
"IT CookBook, 컴퓨터 비전",오일석 ,,2014-07-01,9791156641216
생생한 사례로 배우는 확률과 통계,이재원 ,,2016-07-15,9791156642619
easy LTE : 초보 기술자를 위한 이동통신 가이드북,이상근 ,,2015-07-10,9791156641834
확률과 통계 입문 : Basic Probability & Statistics,이재원 ,,2017-07-10,9791156643227
회사에서 바로 통하는 엑셀+파워포인트+워드 2016&한글 NEO&윈도우 10,"전미진 , 이화진 , 신면철 , 박광수 ",,2018-02-05,9791162240267
MATLAB으로 배우는 선형대수학 : Linear Algebra with MATLAB,"이광연 , 설한국 ",,2015-06-10,9791156641841
"IT CookBook, 컴퓨터 활용과 실습 : 컴퓨터 기초, 한글 2014, 엑셀 2013, 파워포인트 2013",김주영 ,,2015-02-02,9791156641490
디자인 문구 실무 제작&디자인(7년차 디자이너 야우가 알려주는),우보명(야우) ,,2011-07-14,9788979148060
회사에서 바로 통하는 엑셀 함수 실무 강의,"김경자 , 송선영 ",,2017-05-31,9788968488054
회사에서 바로 통하는 엑셀 2013 & 한글 2014,"전미진 , 신면철 ",,2015-06-28,9788968482076
회사에서 바로 통하는 엑셀 2010,한은숙 ,,2011-03-23,9788979147865
엑셀 2013 바이블 : 회사에서 필요한 기능은 모두 있다,최준선 ,,2013-06-25,9788968480270
"IT CookBook, 엑셀 2013 : 기본 기능부터 실무 활용까지",하숙정 ,,2015-02-16,9791156641506
"IT CookBook, 전기전자공학 개론(개정 6판)","Stan Gibilisco , Simon Monk ","권기영 , 조성재 , 유태훈 ",2017-11-30,9791156643661
"IT CookBook, 엑셀 2007 실무와 활용",한은숙 ,,2014-02-17,9788998756918
"IT CookBook, 엑셀과 파워포인트 2007 실무와 활용","한은숙 , 고경희 ",,2013-03-12,9788998756093
회사에서 바로 통하는 엑셀 2016,한은숙 ,,2017-07-05,9788968483356
맥 사용자를 위한 엑셀+파워포인트+워드 2016 : Office for Mac,장경호 ,,2016-02-26,9788968482595
엑셀 피벗&파워 쿼리 바이블,최준선 ,,2017-11-05,9791162240083
엑셀 2016 바이블,최준선 ,,2016-09-30,9788968484827
엑셀 2016 매크로&VBA 바이블,최준선 ,,2016-02-26,9788968482670
MATLAB으로 배우는 공학 수치해석(개정판),방성완 ,,2018-07-20,9791156643999
"IT CookBook, 원리로 이해하는 마이크로파 공학",홍익표 ,,2015-07-10,9791156641896
기계 학습,오일석 ,,2017-12-05,9791156641582
"IT CookBook, 최신 이동통신 입문 : Mobile Communications",Jochen H. Schiller ,"곽경섭 , 고영채 ",2016-01-04,9791156642084
엑셀 2016 함수&수식 바이블,최준선 ,,2018-05-04,9791162240724
맛있는 디자인 프리미어 프로&애프터 이펙트 CC 2018,"김덕영 , 윤성우 , 이수정 ",,2018-08-03,9791162240922
맛있는 디자인 애프터 이펙트 CC 2018,이수정 ,,2018-06-30,9791162240762
기초 선형대수학 : BASIC LINEAR ALGEBRA,"이광연 , 설한국 , 김진수 ",,2013-11-02,9788998756642
뽀얀의 감성 일러스트레이션 : 포토샵과 일러스트레이터를 이용한 손 느낌 나는 일러스트 기법,뽀얀(김은혜) ,,2012-10-28,9788979149661
오픈 소스 : 오픈 소스 혁명의 목소리 Vol 1,"에릭 스티븐 레이먼드 , 리처드 스톨먼 , 팀 오라일리 , 리누스 토르발스 ","최준호 , 이만용 , 이기동 ",2013-07-31,9788968486449
쇼핑몰 디자인 제작 북,"임화연 , 이해령 ",,2017-12-05,9791162240311
easy LED : 초보자를 위한 LED 가이드북,홍순관 ,,2017-01-02,9791156643005
AngularJS 기초편 : MVC 패턴을 구현하는 자바스크립트 프레임워크,"브래드 그린 , 샤이엄 세샤드리 ",김지원 ,2013-07-31,9788968486418
비즈니스 모델 게임 : 성공하는 사업모델을 만드는 9단계의 비밀,"김진영 , 강재민 ",,2013-08-09,9788968480362
맛있는 디자인 포토샵 & 드림위버 CC,"임화연 , 이해령 ",,2016-08-10,9788968484964
"IT CookBook, 인공지능 개론",마이클 네그네빗스키 ,김용혁 ,2013-08-13,9788998756451
키노트 6.x 프레젠테이션 : 키노트 사용자를 위한 기본+활용법,윤춘근 ,,2014-06-20,9788968481123
"IT CookBook, RF 및 초고주파 공학",카이 창(Kai Chang) ,홍익표 ,2014-03-12,9791156641063
회사에서 바로 통하는 엑셀 비즈니스 데이터 분석,히바나 히로코(日花弘子) ,"최수진 , 최준선 ",2006-03-03,8979143869
도와주세요! 맥북이 생겼어요 : Mac OS X Yosemite 요세미티,김경범 ,,2014-11-28,9788968481338
The Art of Computer Programming 4A 컴퓨터 프로그래밍의 예술: 조합적 알고리즘 1부,도널드 커누스(Donald E. Knuth) ,류광 ,2013-08-19,9788968480287
"IT CookBook for Beginner, C++ 기초","신호철 , 조인현 ",,2013-08-13,9788998756475
MOS Access 2007,이지윤 ,,2013-08-21,9788998756550
"IT CookBook, OpenGL로 배우는 3차원 컴퓨터 그래픽스",주우석 ,,2013-08-18,9788998756505
MOS PowerPoint 2007,"이지윤 , 김선희 ",,2013-08-21,9788998756574
"IT CookBook, 데이터베이스 기초와 실습 : 액세스 2010",김지연 ,,2013-08-21,9788998756369
iOS 빌드와 릴리스 - 환경 설정,론 로슈 ,이연진 ,2013-08-22,9788968486401
Redis 운영 관리 : Redis를 실무에 사용하기 전에 꼭 알아야 하는 실전 전략,강대명 ,,2013-08-30,9788968486470
"IT CookBook, 컴퓨터 구조와 원리 2.0 : 비주얼 컴퓨터 아키텍처",신종홍 ,,2013-08-21,9788998756314
MOS Word 2007 Expert,"이지윤 , 김주경 ",,2013-08-21,9788998756581
Think Stats : 프로그래머를 위한 통계 및 데이터 분석 방법,앨런 B. 다우니 ,김석우 ,2013-09-03,9788968486340
맛있는 디자인 포토샵 & 일러스트레이터 CC,"박정아 , 박효근 , 윤이사라(포완카) ",,2016-05-16,9788968482762
키노트 프레젠테이션(키노트 사용자를 위한 기본+활용법),윤춘근 ,,2011-11-21,9788979148787
MOS Excel 2007 Expert,"이지윤 , 김선희 ",,2013-08-21,9788998756567
만들면서 배우는 안드로이드 게임 프로그래밍(개정판),황동윤 ,,2013-06-20,9788968480249
R 병렬 프로그래밍 : 빅데이터 분석을 위한 R 멀티코어 병렬 처리,"Q. 에덴 맥컬럼 , 스테판 웨스턴 ",이영수 ,2013-06-28,9788968486364
맥 쓰는 사람들과 함께하는 Mac OS X 바이블,고래돌이(김상우) ,,2015-01-27,9788968481628
"IT CookBook, SQL Server로 배우는 데이터베이스 개론과 실습","박우창 , 남송휘 ",,2013-07-01,9788998756246
"IT CookBook, 프로그래밍 언어론 : 쉽게 배우는 언어의 원리와 구조","김종훈 , 김종진 ",,2013-07-02,9788998756437
오픈 소스 : 오픈 소스 혁명의 목소리 Vol 2,"에릭 스티븐 레이먼드 , 리처드 스톨먼 , 팀 오라일리 , 리누스 토발즈 ","송창훈 , 이기동 , 이만용 ",2013-09-06,9788968486456
회사에서 바로 통하는 액세스 2010,김재훈 ,,2011-01-05,9788979147841
HTML5 보일러플레이트 : 크로스 브라우징과 반응형 웹을 위한 어비의 노하우,송태민 ,,2013-06-30,9788968486395
회사에서 바로 통하는 액세스 2007,김재훈 ,,2008-01-28,9788979145359
"IT CookBook, 쉽게 배우는 알고리즘 : 관계 중심의 사고법",문병로 ,,2013-07-02,9788998756406
아두이노와 환경모니터링 : 직접 만든 아두이노 기기로 환경 지키기,"패트릭 디 저스토 , 에밀리 거츠 ",이영수 ,2013-06-26,9788968486388
"IT CookBook, 자바로 배우는 쉬운 자료구조",이지영 ,,2013-07-02,9788998756420
"IT CookBook, 액세스 2007 for Beginner",박명철 ,,2008-12-28,9788979146097
"IT CookBook , 엑셀과 파워포인트 2016",김지연 ,,2017-12-27,9791156643760
"IT CookBook, 데이터베이스 개론",김연희 ,,2013-07-03,9788998756253
"IT CookBook, 엑셀 2016",김지연 ,,2018-06-29,9791156644057
자바 데이터베이스 API를 위한 스프링 데이터 핵심 노트,마드후수단 콘다 ,송지연 ,2013-07-22,9788968486371
실전 하둡 운용 가이드 : 대규모 하둡 클러스터 관리를 위한 필수 노하우,에릭 새머 ,장형석 ,2013-07-24,9788968480300
"IT CookBook, 데이터베이스 기초와 실습 : 액세스 2013",김지연 ,,2015-12-28,9791156642404
"IT CookBook, 컴파일러의 이해 : 내공 있는 프로그래머로 길러주는",박두순 ,,2016-01-02,9791156642411
초보자를 위한 Linux & Unix C 프로그래밍,"김종훈 , 김종진 , 김동균 ",,2003-08-19,8979142455
C++ AMP : Visual C++와 GPGPU를 이용한 대규모 병렬 프로그래밍,"케이트 그레고리 , 에이드 밀러 ",강권학 ,2013-07-16,9788968480256
맥 쓰는 사람들과 함께하는 macOS 시에라,고래돌이 ,,2017-02-15,9788968484582
맵리듀스 디자인 패턴 : 하둡과 빅데이터에 효과적인 6가지 방법론과 26가지 실용 패턴,"도널드 마이너 , 아담 슈크 ","이주열 , 오석근 ",2013-07-24,9788968480348
"IT CookBook, 초보자의 첫 번째 액세스 2007",최희식 ,,2009-11-05,9788979146967
맥 쓰는 사람들과 함께하는 macOS 하이 시에라,고래돌이 ,,2017-11-10,9791162240236
"IT CookBook, 유닉스 이론과 실습(개정판)","윤소정 , 이종원 ",,2013-07-28,9788998756512
"IT CookBook, 정보 보안 개론과 실습 : 네트워크 해킹과 보안(개정판)",양대일 ,,2013-07-24,9788998756321
"IT CookBook, 데이터베이스 관리와 실습(개정판) : MS SQL Server 2008",손광수 ,,2013-07-02,9788998756468
"IT CookBook, 쉽게 배우는 데이터 통신과 컴퓨터 네트워크",박기현 ,,2013-09-15,9788998756611
RT:FM 두 번째 이야기: 프로그래머로 사는 법,"윤인성 , 김현수 , 유영창 , 이고잉 , 명승은 , 이철혁 ",,2013-07-25,9788968486425
"IT CookBook, HTML5 웹 프로그래밍 입문",윤인성 ,,2013-07-25,9788998756277
"IT CookBook, 웹 기획 기초와 설계(개정판) : 웹 사이트, 인터페이스, 디자인",강은정 ,,2013-09-15,9788998756604
일주일 만에 끝내는 하이버네이트,마드후수단 콘다 ,송기용 ,2014-11-05,9788968487224
케스케이딩 완벽 가이드 : 빅데이터 분석을 위한 하둡 워크플로우 관리 도구,파코 네이선 ,"오세봉 , 장정호 ",2014-01-17,9788968480775
컴파일러 구조와 원리,아오키 미네로우 ,이영희 ,2010-09-06,9788979147681
OpenCV 제대로 배우기,"개리 로스트 브라드스키 , 에이드리안 캘러 ",황선규 ,2009-09-18,9788979146943
"IT CookBook, 정보 보안 개론(개정판) : 한 권으로 배우는 보안 이론의 모든 것",양대일 ,,2013-07-02,9788998756260
DirectX 11을 이용한 3D 게임 프로그래밍 입문,프랭크 D. 루나 ,류광 ,2013-10-11,9788968480577
OpenGL Super Bible(개정6판),"그라함 샐러스 , 리처드 S. 라이트 주니어 , 니콜라스 히멜 ","이중기 , 최지호 ",2015-07-23,9788968482045
테크니컬 아티스트를 위한 최고의 교과서 : 내공 있는 CG 아티스트로 이끌어주는 체계적인 입문서,"카츠라 요스케 , 요츠쿠라 타츠오 , 마크 살바티 ",서재우 ,2014-05-16,9788968481017
하이브 완벽 가이드: 하둡을 이용한 SQL 기반 빅데이터 분석 도구,"에드워드 카프리올로 , 딘 웜플러 , 제이슨 러더글렌 ",오세봉 외 ,2013-03-28,9788968480072
"IT CookBook, 유닉스 시스템 프로그래밍",이종원 ,,2010-01-12,9788979147155
"MongoDB 몽고디비 완벽 가이드 : 페이스북, 트위터가 선택한 NoSQL의 진수를 만나다! (개정2판)",크리스티나 초도로우 ,"이승구 , 김인범 ",2014-04-24,9788968480959
iOS 빌드와 릴리스 - 빌드 자동화와 배포,론 로슈 ,이연진 ,2013-10-02,9788968486463
"스프링3 입문 : 스프링3.1 지원, 스트럿츠, 하이버네이트, 마이바티스 연계","하세가와 유이치 , 오오노 와타루 , 토키 코헤이 ",김성재 ,2013-10-10,9788968480515
미디어 2.0 : 미디어 플랫폼의 진화,명승은 ,,2008-03-28,9788979145526
실시간 분석의 모든 것: 스트리밍 데이터 분석 및 시각화 시스템 구축 가이드,바이런 엘리스 ,이상훈 ,2015-12-11,9788968482298
게임 매니악스 슈팅 게임 알고리즘,"마츠우라 켄이치로 , 츠카사 유키 ",손정도 ,2013-10-17,9788968480539
좋은 코딩 나쁜 코딩 : 단순한 코드가 좋은 코드다 (2판),박진수 ,,2013-10-10,9788968480560
"IT CookBook, 웹 디자인 이론과 실습",강은정 ,,2017-06-05,9791156643258
"IT CookBook, 쉽게 배우는 데이터 통신과 컴퓨터 네트워크 (개정판)",박기현 ,,2016-12-26,9791156643043
Designing Web Navigation : 사용자 경험 최적화를 위한 웹 내비게이션 설계 원칙,제임스 콜백 ,김소영 ,2008-03-01,9788979145588
모바일 보일러플레이트 : 모바일 웹 개발 실무를 위한 어비의 노하우,송태민 ,,2013-10-20,9788968486487
DirectX 12를 이용한 3D 게임 프로그래밍 입문,프랭크 D. 루나 ,류광 ,2017-05-25,9788968487798
"IT EXPERT, 3D 게임 프로그래밍(개정판)",김용준 ,,2010-04-28,9788979147339
하둡 완벽 가이드 : 클라우드 컴퓨팅 구축을 위한 실전 안내서(개정3판),톰 화이트 ,"심탁길 , 김우현 ",2013-06-22,9788968480201
인터랙티브 디벨로퍼: 구글 엔지니어의 포트폴리오,김종민 ,,2015-07-24,9788968481840
전문가를 위한 C++ : C++ 11을 대하는 유쾌한 방법(개정판 2권),"마크 그레고리 , 니콜라스 솔터 , 스캇 클레퍼 ",권오인 ,2013-10-17,9788968480393
만들면서 배우는 Cocos2d-x 멀티 플랫폼 게임 프로그래밍(퍼즐 & 슈팅),노재현 ,,2013-10-26,9788968480447
TopCoder 탑코더 알고리즘 트레이닝,타카하시 나오히로 ,윤인성 ,2013-10-28,9788968480553
파이썬 라이브러리를 활용한 데이터 분석(수정보완판),웨스 맥키니(Wes Mckinney) ,김영근 ,2013-10-26,9788968480478
린 UX : 린과 애자일 그리고 진화하는 사용자 경험,"제프 고델프 , 조시 세이던 ",김수영 ,2013-10-25,9788968480485
Thinking About : C++11 STL 프로그래밍,최흥배 ,,2013-10-31,9788968486500
R로 하는 데이터 시각화 : 고객을 설득하는 데이터 시각화 실전 노하우,전희원 ,,2013-10-30,9788968486494
"루아 프로그래밍 가이드 : WOW, 앵그리버드에서 사용한 쉽고 빠른 스크립트 언어",Lua.org ,권상구 ,2013-11-14,9788968486517
자바 세상의 빌드를 이끄는 메이븐,박재성 ,,2011-03-17,9788979148138
스프링4 입문,"하세가와 유이치 , 오오노 와타루 , 토키 코헤이 ","권은철 , 전민수 ",2017-11-01,9791162240212
자바 네트워크 소녀 네티,정경석 ,,2015-10-22,9788968482243
TDD에 대한 오해와 진실 TDD 이야기 : 당신이 TDD에 실패한 이유,"신정호 , 박상오 , 이규일 , 전우균 , 조건희 ",,2013-11-18,9788968486524
빅데이터 처리를 위한 웹 개발 노하우 MongoDB와 PHP,스티브 프랜시아 ,최병현 ,2013-01-07,9788979149951
AngularJS 활용편 : MVC 패턴을 구현하는 자바스크립트 프레임워크,"브래드 그린 , 샤이엄 세샤드리 ",김지원 ,2013-09-13,9788968486432
Thinking About: C++ STL 프로그래밍,최흥배 ,,2012-12-21,9788979149937
"IT EXPERT, ARM으로 배우는 임베디드 리눅스 시스템 : CPU에서 안드로이드까지 총망라! (개정판)",안효복 ,,2013-12-10,9788968480683
빅데이터의 충격: 거대한 데이터의 파도가 사업 전략을 바꾼다!,시로타 마코토 ,김성재 ,2013-01-26,9788979144338
읽기 좋은 자바스크립트 코딩 기법: 유지보수가 쉬운 코드로 팀의 생산성을 높이자,니콜라스 자카스 ,김광호 ,2013-01-26,9788979149883
안전한 API 인증과 권한 부여를 위한 클라이언트 프로그래밍 OAuth 2.0,라이언 보이드 ,이정림 ,2013-01-25,9788979149944
인터랙티브 웹디자인북: 웹디자이너를 위한 HTML5+CSS3+jQuery 사용설명서,최성일 ,,2015-04-27,9788968481895
만들면서 배우는 유니티 게임 프로그래밍 : 3D 액션 대전 게임 + NGUI 2.5D 러닝 게임,송용성 ,,2014-09-02,9788968481246
만들면서 배우는 언리얼 게임 프로그래밍 : 횡 스크롤 액션 게임 + 타워 디펜스 TPS 액션 게임,"오사와 료스케 , 이즈카 켄스케 ",윤준 ,2015-04-27,9788968481956
당신의 프로그래밍에 디버깅 더하기 : Visual C++ 디버깅 기초에서 고급까지,최흥배 ,,2014-11-21,9788968486586
하둡 완벽 가이드(4판),톰 화이트 ,"장형석 , 장정호 , 임상배 , 김훈동 ",2017-03-01,9788968484599
POCO를 이용한 C++ 네트워크 프로그래밍,최흥배 ,,2017-04-28,9788968488498
모던 C++ : C++14의 핵심 기능을 중심으로,최흥배 ,,2015-03-31,9788968487460
HBase 완벽 가이드: 하둡 환경에서 실시간 빅데이터 랜덤 엑세스를 제공하는 클라우드 NoSQL,라스 조지 ,이진석 ,2013-01-26,9788979148381
"jQuery 최고의 교과서 : 디자이너, 퍼블리셔, 개발자를 위한 처음 시작하는 제이쿼리",주식회사 시프트브레인 ,송태민(어비) ,2015-01-28,9788968481574
"이것이 레디스다 : 초고속 읽기 쓰기를 제공하는 인메모리 기반 NoSQL, Redis",정경석 ,,2013-11-28,9788968480591
"레거시 코드를 클린 코드로 누구나 쉽게, 리팩토링","정승욱 , 김태환 , 박승규 , 신정호 , 이규일 ",,2014-11-18,9788968486746
마이크로서비스 아키텍처 구축,샘 뉴먼 ,정성권 ,2017-03-01,9788968483417
"Blog2Book, 임베디드 프로그래밍 C 코드 최적화",김유진 ,,2008-02-28,9788979145465
"MySQL Troubleshooting : 쿼리 문제, 원인을 알면 해결은 쉽다",스베타 스머노바(Sveta Smirnova) ,강권학 ,2013-02-07,9788979149999
실전 스프링 부트 워크북,펠리페 구티에레스 ,이일웅 ,2017-06-01,9788968487590
"IT CookBook, 운영체제(개정판) : 그림으로 배우는 원리와 구조",구현회 ,,2013-07-28,9788998756413
빅데이터로 일하는 기술 : 감이 아닌 과학으로 성공하는 빅데이터 구축 및 활용 가이드,장동인 ,,2014-12-27,9788968481376
초보자를 위한 유니티 5 입문 : 설치에서 3D와 2D 게임까지,"아라카와 다쿠야 , 아사노 유이치 ",윤준 ,2016-01-19,9788968482502
디자인 패턴을 적용한 임베디드 시스템: 당신을 임베디드 전문가로 이끌어줄 꼼꼼한 멘토링,엘레시아 화이트 ,우정은 ,2013-06-22,9788968480195
유니티로 게임을 만드는 10가지 방법 : 장르별 게임 알고리즘 가이드,가토 마사키 ,고승희 ,2014-03-17,9788968480874
"뇌를 자극하는 SQL Server 2012 (1권, 기본편)",우재남 ,,2013-02-13,9788979149920
Xen으로 배우는 가상화 기술의 이해 - CPU 가상화,"박은병 , 이상철 , 문대혁 , 김태훈 ",,2013-02-25,9788968486043
파이썬을 이용한 AWS 가이드 : 파이썬과 Boto로 클라우드 관리하기,미치 가나트 ,강권학 ,2013-01-31,9788979143683
윈도우 런타임을 이용한 실전 앱 개발 Windows 8 앱 개발 가이드,벤 듀이 ,이원영 ,2013-02-27,9788979143706
웹 엔지니어가 알아야 할 인프라의 기본,바바 토시아키 ,김병국 ,2015-06-28,9788968482014
프라이버시와 빅데이터 : 빅데이터 시대의 개인정보보호와 사생활,"테렌스 크레이그 , 메리 루들로프 ","이춘식 , 김정환 ",2013-03-11,9788968486036
실전 클라우드 VMware View 가상화,이토추 테크노 솔루션즈 ,김성재 ,2013-02-28,9788979149975
"임베디드 안드로이드 : 안드로이드 포팅, 확장, 커스터마이징하기",카림 야크무르 ,이성주 ,2015-03-09,9788968481772
"IT CookBook, 임베디드 리눅스 기초와 응용 : 인텔 PXA270 기반, VMWare 이용","우종정 , 사공준 ",,2007-08-02,9788979145083
마이크로서비스 아키텍처 구축,샘 뉴먼 ,정성권 ,2017-03-01,9788968483417
스위프트 프로그래밍,야곰 ,,2017-01-02,9788968484667
"IT CookBook, 컴퓨터 개론 : 쉽게 배우는 컴퓨터 기본 원리","김종훈 , 김종진 ",,2013-03-12,9788998756055
빅데이터 윤리 : 윤리적인 빅데이터 사용을 위한 정책 가이드,코드 데이비스 ,강석주 ,2013-03-11,9788979143690
"자바스크립트 웹 애플리케이션 : 제이쿼리, Node.js, 웹소켓, 스파인, 백본, 자바스크립트MVC",알렉스 맥카우 ,우정은 ,2012-06-18,9788979149258
JSP 바이블 STEP 01 : JSP 시작과 개발환경 구축,조효은 ,,2013-02-28,9788968486012
"도커 오케스트레이션 : 애플리케이션 빌드, 테스트, 배포의 통합 관리",슈리크리슈나 홀라 ,이기곤 ,2015-12-10,9788968487934
유니티로 게임을 만드는 10가지 방법,가토 마사키 ,고승희 ,2017-02-01,9788968484643
"IT CookBook, 멀티미디어 이해와 활용 : 디지털 생활과 연계된 실용 학습","김지현 , 김대영 ",,2013-03-20,9788998756130
"IT CookBook, 디지털 논리회로(개정판) : 이론, 실습, 시뮬레이션","임석구 , 홍경호 ",,2013-03-20,9788998756147
Xen으로 배우는 가상화 기술의 이해 - I/O 가상화,"문대혁 , 이상철 , 박은병 , 김태훈 ",,2013-03-29,9788968486067
안드로이드 멀티스레딩: 비동기 메커니즘으로 날렵하고 안정적인 앱 만들기,안데르스 예란손 ,한대희 ,2015-02-27,9788968481703
MySQL 퍼포먼스 최적화 : 실무 예제로 다가가는 MySQL 쿼리 작성,성동찬 ,,2013-03-29,9788968486029
안드로이드 시큐리티 인터널,니콜라이 옐렌코프 ,강권학 ,2015-06-27,9788968481970
"IT CookBook, C C++ 프로그래밍 : 프로그래밍 기초와 객체지향",김동근 ,,2013-03-12,9788998756086
Xen으로 배우는 가상화 기술의 이해 - 메모리 가상화,"박은병 , 이상철 , 문대혁 , 김태훈 ",,2013-03-15,9788968486050
임베디드 하드웨어 이해와 설계(개정판),존 캣솔리스 ,홍형경 ,2006-08-28,8979143958
Head First Data Analysis : 당신을 최고의 데이터 분석가로 이끌어줄 마법 같은 학습서,마이클 밀튼 ,김경태 ,2013-04-11,9788968480119
드루팔(Drupal) : 프로그래머를 위한 가이드,제니퍼 하지던 ,김지원 ,2013-04-30,9788968486081
Head First JavaScript : 대화형 웹 애플리케이션의 시작,마이클 모리슨 ,홍형경 ,2008-07-01,9788979145823
스마트러닝 콘텐츠 만들기,"배영권 , 도재춘 , 김달진 , 신승기 ",,2013-04-26,9788998756116
Head First HTML and CSS(개정판) : HTML5를 적용한 웹 제작 지침서,"엘리자베스 롭슨 , 에릭 프리먼 ","홍형경 , 우재남 ",2013-04-11,9788968480126
"IT CookBook, 스마트 시대의 멀티미디어 : 멀티미디어 기본 이론부터 최신 기술 동향까지","김용태 , 박길철 ",,2014-12-15,9791156641476
하루 만에 배우는 도커,나카이 에츠지 ,김성재 ,2016-01-22,9788968487965
풀스택 개발자를 위한 MEAN 스택 입문,"애덤 브레츠 , 콜린 J. 이릭 ",박재호 ,2015-08-27,9788968482182
빈과 컨테이너 중심으로 빠르게 배우는 스프링 핵심 노트,마드후수단 콘다 ,송지연 ,2013-05-10,9788968486104
처음 시작하는 정규표현식(Regular Expressions) : 언어와 플랫폼을 뛰어넘는 정규표현식을 만나다,마이클 피츠제럴드 ,"이수진 , 이성희 ",2013-04-11,9788968480133
"Blog2Book, 프로그래머가 몰랐던 멀티코어 CPU 이야기",김민장 ,,2010-05-20,9788979147407
"IT CookBook, PHP 프로그래밍 입문(개정판)",황재호 ,,2013-05-28,9788998756208
"IT CookBook, C 프로그래밍","강동진, 하숙정, 임수연, 송무희, 박보석 ",,2013-03-20,9788998756161
EAI 패턴과 메시징 시스템 개발을 위한 스프링 인티그레이션 핵심 노트,마드후수단 콘다 ,송지연 ,2013-05-28,9788968486128
클라이언트-서버 웹 앱 만들기: 자바와 자바스크립트로 배우는 모던 웹 앱 개발,캐지미어 새터노스 ,김은정 ,2014-10-17,9788968481345
"모던 웹을 위한 Node.js 프로그래밍(개정판) : 페이스북, 월마트, 링크드인이 선택한 자바스크립트 + 노드제이에스 서버 프로그래밍",윤인성 ,,2013-09-03,9788968480430
IT 거버넌스 : 비즈니스 목표 달성을 위한 IT 전략,스티븐 로메로 ,서기운 ,2013-05-15,9788979149968
데이터/수치 분석을 위한 파이썬 라이브러리 SciPy와 NumPy,엘리 브레설트 ,이성주 ,2013-05-29,9788968486135
성능을 100% 끌어내는 멀티코어 애플리케이션 프로그래밍,대릴 고브 ,권오인 ,2012-06-28,9788979149289
Boost.Asio를 이용한 네트워크 프로그래밍,최흥배 ,,2013-06-04,9788968486111
"데이터과학 입문: 구글, MS, 이베이 데이터과학자에게 배우다","레이철 슈트 , 캐시 오닐 ","윤영민 , 허선 , 전희주 , 김정일 , 류자현 ",2014-10-28,9788968481352
"IT CookBook, C++ 하이킹 : 객체지향과 만나는 여행","성윤정 , 김태은 ",,2013-06-19,9788998756215
"IT CookBook, 쉬운 영어로 읽는 최신 전산 영어(개정판)",조준모 ,,2013-03-20,9788998756178
"모던 웹을 요리하는 초간편 HTML5 Cookbook : 자바스크립트 API, 로컬 저장소, 접근성, 지오로케이션","크리스토퍼 슈미트 , 카일 심슨 ",한선용 ,2012-08-17,9788979149401
안드로이드의 모든 것 NDK: C/C++을 이용한 안드로이드 앱 개발 방법,"고현철 , 전호철 ",,2012-09-17,9788979149593
셰이더 프로그래밍 입문,Pope Kim ,,2012-08-26,9788979149494
"하이브리드 앱을 구현하는 기술 : HTML5, 자바스크립트, 코도바(폰갭)로 만드는 안드로이드와 iOS 앱 개발","구보타 미츠노리 , 아시알 주식회사 ",김성재 ,2015-02-17,9788968481680
자바 개발자를 위한 함수형 프로그래밍,딘 왐플러 ,임백준 ,2012-09-19,9788979149678
우분투 환경에서 C 언어로 배우는 리눅스 프로그래밍,이이오 준 ,김성재 ,2012-09-24,9788979149531
Head First Mobile Web: 웹앱으로 진화하는 모바일 웹 개발,"리자 데인저 가드너 , 제이슨 그릭스비 ","이수진 , 이성희 ",2012-09-24,9788979149548
웹 프로그래머를 위한 서블릿 컨테이너의 이해,최희탁 ,,2012-09-28,9788979149685
만들면서 배우는 인터프리터: 컴파일러 이론으로 만드는 나만의 스크립트 언어,하야시 하루히코 ,김성재 ,2012-10-12,9788979149043
Hello Coding HTML5+CSS3,황재호 ,,2018-03-02,9791162240502
프로그래머로 사는 법: 프로그래머의 길을 걸어가는 당신을 위한 안내서,샘 라이트스톤 ,서환수 ,2012-10-17,9788979149623
리팩토링: 코드 품질을 개선하는 객체지향 사고법,마틴 파울러 ,김지원 ,2012-11-01,9788979149715
린 스타트업: 실리콘밸리를 뒤흔든 IT 창업 가이드,애시 모리아 ,위선주 ,2012-11-17,9788979149692
자바스크립트와 SVG로 쉽게 만드는 웹 기반 데이터 비주얼라이제이션 D3,마이크 드워 ,양성일 ,2012-11-16,9788979149777
일관성 있는 웹 서비스 인터페이스 설계를 위한 REST API 디자인 규칙,마크 마세 ,"권원상 , 김관래 ",2012-10-18,9788979149456
머하웃 완벽 가이드(Mahout in Action): 하둡에 딱 맞는 빅데이터를 활용한 기계학습,"션 오웬 , 로빈 애닐 , 테드더닝 , 엘렌 프리드만 ",안태성 ,2012-10-23,9788979149609
만들면서 배우는 리스프 프로그래밍: Land of LISP,콘래드 바스키 ,조태훈 ,2011-11-18,9788979148756
English for Developers: IT 트렌드로 배우는 개발자 영어 독해,"박재호 , 이해영 ",,2015-08-27,9788968482199
사전처럼 바로 찾아 쓰는 HTML5 핵심 API,하타노 후토미 ,윤준 ,2011-12-01,9788979148732
HTML5 Canvas : 웹의 한계를 캔버스로 뛰어 넘는다,"스티브 펄튼 , 제프 펄튼 ","이수진 , 이성희 ",2012-01-09,9788979148985
자바스크립트 성능 최적화: High Performance JavaScript,니콜라스 자카스 ,한선용 ,2011-09-15,9788979148558
Head First C : 내공 있는 C 프로그래머로 이끌어주는 착한 안내서,"데이빗 그리피스 , 돈 그리피스 ",강권학 ,2012-11-08,9788979149760
"내 가게, 소셜커머스로 대박나기 : 소상공인을 위한 소셜커머스 활용 가이드 북","손미향 , 구현아 , 이지인 ",,2011-08-23,9788979148473
MongoDB 활용 가이드: 스케일링과 50가지 팁,크리스티나 초도로우 ,이진석 ,2011-12-09,9788979148862
초보자를 위한 안드로이드 스튜디오 : Hello World부터 채팅 앱과 벽돌깨기 게임까지,마츠오카 겐지 ,김성재 ,2016-01-22,9788968482564
프로그래밍은 상상이다,임백준 ,,2008-09-01,9788979145946
Ajax 디자인 패턴 for 웹 2.0,마이클 마헤모프(Michael Mahemoff) ,"정석모 , 김지원 ",2007-07-10,9788979144833
만들면서 배우는 HTML5 게임 프로그래밍: PC와 스마트폰을 한 번에 잡는 멀티 플랫폼 게임 프로그래밍,황동윤 ,,2013-06-22,9788968480225
전문가를 위한 C++ : C++ 11을 대하는 유쾌한 방법(개정판 1권),"마크 그레고리 , 니콜라스 솔터 , 스캇 클레퍼 ",권오인 ,2013-10-17,9788968480386
만들면서 배우는 기계 학습: 생각을 만드는 빅데이터 기술,오다카 토모히로 ,김성재 ,2012-06-18,9788979149234
jQuery Mobile(개정판),존 라이드 ,한선용 ,2012-01-19,9788979149067
게이미피케이션: 웹과 모바일 앱에 게임 기법 불어넣기,"게이브 지커맨 , 크리스토퍼 커닝햄 ","정진영 , 송준호 , 김지원 ",2012-04-18,9788979149197
세가의 신입 사원 교육 과정에서 배우는 게임 프로그래밍의 정석,히라야마 타카시 ,김성훈 ,2012-02-25,9788979148992
만들면서 배우는 HTML5+CSS3+jQuery,야무(지훈) ,,2012-03-12,9788979149104
도와주세요! 뉴(NEW) 아이패드가 생겼어요,이윤환 ,,2012-04-24,9788979149210
Effective Unit Testing : 클린 코드와 좋은 설계를 이끄는 단위 테스트,라쎄 코스켈라 ,이복연 ,2013-11-11,9788968480621
읽기 좋은 코드가 좋은 코드다: 더 나은 코드를 작성하는 간단하고 실전적인 테크닉,"더스틴 보즈웰 , 트레버 파우커 ",임백준 ,2012-04-26,9788979149142
모던 웹을 위한 HTML5 웹소켓 프로그래밍,"바네사 왕 , 프랭크 살림 , 피터 모스코비츠 ",김지원 ,2013-07-24,9788968480317
지금 당장 소셜마케팅 시작하라,조재형 ,,2014-02-25,9788994120744
MongoDB 완벽 가이드 : NoSQL의 진수를 만나다!,"크리스티나 초도로우 , 마이클 디롤프 ",윤진석 ,2011-05-19,9788979148251
누워서 읽는 퍼즐북 : 뉴욕의 프로그래머 임백준의 퍼즐이야기,임백준 ,,2010-01-15,9788979147193
모바일 플랫폼 비즈니스,류한석 ,,2012-04-02,9788994120270
예제로 쉽게 배우는 스프링 프레임워크 3.0,사카타 코이치 ,황선유 ,2012-02-25,9788979148879
이것이 안드로이드다,박성근 ,,2014-08-25,9788968481178
Head First Statistics: 실생활 예제로 배우는 정말 쉬운 통계 이야기,돈 그리피스 ,임백준 ,2012-04-26,9788979147278
뇌를 자극하는 C++ STL,공동환 ,,2012-04-26,9788979149135
"OpenCL 프로그래밍: 애플, AMD, NVIDIA, 인텔이 선택한 병렬처리의 표준",주식회사 Fixstars ,,2012-07-12,9788979149463
백만 방문자와 소통하는 소셜 홍보 마케팅,김진 ,,2015-09-18,9788968482236
Head First jQuery: 자바스크립트를 몰라도 배울 수 있는 제이쿼리,"라이언 베네디티 , 로넌 크랜리 ",한선용 ,2012-05-24,9788979149203
쇼핑몰 창업+운영+제작 북(인터넷 쇼핑몰 대표 강사와 함께하는),"정희전 , 착한사진연구소(남상욱 ",,2012-05-24,9788979149173
테스트 주도 개발 : 고품질 쾌속개발을 위한 TDD 실천법과 도구,채수원 ,,2010-06-08,9788979147261
백만 방문자와 소통하는 블로그 마케팅,조재형 ,,2015-06-28,9788968481994
도와주세요! 아이패드가 생겼어요,김태용 ,,2010-11-23,9788979147971
프로젝트로 배우는 HTML5+자바스크립트,지닌 마이어 ,김지원 ,2012-06-22,9788979149241
"Blog2Book, 자바 개발자도 쉽고 즐겁게 배우는 테스팅 이야기",이상민 ,,2009-12-09,9788979147124
"BACK TO THE BASIC, C++11 핵심 노트: 핵심 주제 12가지로 배우는 C++11",이주한 ,,2013-11-29,9788968486531
글로벌 소프트웨어를 꿈꾸다,김익환 ,,2010-09-28,9788979147452
스크럼 성공전략 : 성공하는 애자일을 위한 30가지 지름길,일란 골드스타인(Ilan Goldstein) ,박남혜 ,2014-09-02,9788968481239
"BACK TO THE BASIC, JAVA 핵심 요약 노트 : 빠르게 훑어보는 자바 프로그래밍",김흥래 ,,2013-03-27,9788968486098
백만 방문자와 소통하는 페이스북 마케팅,"종유진 , 최규문 ",,2016-10-10,9788968482601
윈도우 포렌식 실전 가이드 : 사이버 수사를 위한 최고의 실무 지침서,고원봉 ,,2010-10-28,9788979147766
유닉스 리눅스 명령어 사전(개정판),"우종경 , 박종오 ",,2010-11-25,9788979147933
스트럿츠 프레임워크 워크북,박재성 ,,2003-10-11,8979142544
불황을 이기는 색다른 쇼핑몰 COLOR & LAYOUT,"김정인 , 박혜진 , 라임기획 ",,2009-01-28,9788979146059
가장 쉽게 배우는 블로그 & 페이스북,"강진영 , 박순녀 ",,2015-11-26,9788968482441
알기 쉽게 풀어 쓴 웹로직과 EJB,김성박 ,,2004-04-14,8979142781
웹 표준 가이드: HTML5 + CSS3,존 앨섭(John Allsopp) ,"김지원 , 홍승표 ",2010-11-25,9788979147940
Objective-C : 맥과 아이폰 애플리케이션 프로그래밍,오기하라 타케시 ,신상재 ,2009-07-16,9788979146837
뇌를 자극하는 JSP & Servlet,김윤명 ,,2010-12-15,9788979147506
구글+아이폰 200% 업무 활용법,이임복 ,,2012-01-04,9788979148770
Jlet으로 배우는 위피 프로그래밍,"박건태 , 김승엽 ",,2005-12-28,897914380x
Head First EJB : EJB가 여러분의 머리 속으로,"케이시 시에라 , 버트 베이츠 ",서환수 ,2005-01-15,8979143087
애자일 개발과 스크럼 : 더 나은 자신과 팀을 위한 소프트웨어 개발 방법,"노나카 이쿠지로 , 히라나베 겐지 ",이명교 ,2014-07-28,9788968481109
"글로벌 소프트웨어를 말하다, 지혜",김익환 ,,2014-06-28,9788968481031
"IT CookBook, 초보자의 첫 번째 나모 웹에디터 2008",최희식 ,,2009-11-05,9788979146974
한 권으로 끝내는 정규표현식,"잰 고이바에르츠 , 스티븐 리바이선 ",김지원 ,2010-09-17,9788979147742
Head First iPhone Development: 사용자 경험 중심의 아이폰 앱 개발 입문서,"댄 필로네 , 트레이시 필로네 ",강권학 ,2010-05-07,9788979147421
나는 똑딱이 포토그래퍼다,안태영(정민러브) ,,2010-08-04,9788979147612
Xcode로 배우는 코코아 프로그래밍,시바타 후미히코 ,신상재 ,2010-09-14,9788979147575
도와주세요! 아이폰이 생겼어요: iPhone+App 활용 사전,"김현철 , 임희석 , 김태용 ",,2010-05-20,9788979147483
스마트 워크 : 낭만 IT 김국현의 제안,김국현 ,,2011-01-20,9788979148039
뇌를 자극하는 TCP/IP 소켓 프로그래밍,윤상배 ,,2011-02-11,9788979148046
대규모 웹 개발 : 배경지식부터 개발기법까지,카일 라우든 ,우정은 ,2011-02-21,9788979148145
뇌를 자극하는 Windows Server 2008,우재남 ,,2011-03-11,9788979148206
Head First Programming : 파이썬으로 처음 배우는 프로그래밍,"폴 배리 , 데이빗 그리피스 ",강권학 ,2011-03-17,9788979148190
Head First Ajax : 자꾸 가고 싶은 웹 사이트의 비밀,레베카 리오단 ,"홍승표 , 김은희 ",2009-09-17,9788979146936
쇼핑몰 디자인&제작북 with 포토샵+플래시+드림위버,임화연 ,,2011-03-21,9788979148213
OS X 구조를 이해하면서 배우는 Objective-C(3판) : 맥 OS X와 iOS를 위한 오브젝티브-C 가이드,오기하라 타케시 ,서수환 ,2013-07-24,9788968480331
100만 방문자와 소통하는 파워블로그 만들기,"윤상진 , 함성한 , 승채린 , 조상래 , 김동범 ",,2011-05-28,9788979147957
HTML과 나모로 홈페이지 만들기 디자인 스쿨,"김형철 , 안치현 ",,2008-12-12,9788979146462
한 번에 배우는 HTML5+자바스크립트,지닌 마이어 ,김지원 ,2011-05-22,9788979148268
"Blog2Book, 자바 개발자와 시스템 운영자를 위한 트러블 슈팅 이야기",이상민 ,,2011-06-03,9788979148305
Head First iPhone and iPad Development : 사용자 경험 중심의 iOS 앱 개발 입문서 (개정3판),"트레이시 필로네 , 댄 필로네 , 폴 필로네 , 브렛 맥러플린 ",우정은 ,2014-05-28,9788968481055
"소셜 모바일 시대, QR 코드 마케팅 전략","박은숙 , 박윤선 ",,2011-05-17,9788979148282
안드로이드의 모든 것 분석과 포팅,"고현철 , 유형목 ",,2011-06-14,9788979147704
OCR 프로그래밍 : 이미지 인식,김세훈 ,,2015-08-21,9788968487736
"IT CookBook, 웹 프로그래밍 입문 : XHTML, CSS2, JavaScript","김형철 , 안치현 ",,2011-06-28,9788979148329
이것이 C 언어다,서현우 ,,2014-05-20,9788968481024
UNIX V6로 배우는 커널의 원리와 구조 : 고전으로 익히는 운영체제,아오야기 타카히로 ,조만석 ,2014-05-28,9788968480966
구글 실전 바이블 : Google 라이프에 관한 거의 모든 것,라이프해커(김명걸) ,,2012-08-23,9788979149562
"IT EXPERT, 64비트 멀티코어 OS 원리와 구조 2권: OS 개발 60일 프로젝트",한승훈 ,,2011-07-23,9788979148374
개발 프로세스 향상과 코드의 질을 높이는  Android Developer Tools 필수 가이드(기본편),마이크 울프선 ,이성주 ,2014-05-30,9788968487132
"IT CookBook, 익스플로링 아두이노",JEREMY BLUM ,김찬웅 ,2014-05-26,9791156641070
페이스북 시대: 소셜 네트워크를 활용한 비즈니스와 마케팅,클라라 샤이(Clara Shih) ,전성민 ,2010-11-23,9788979147902
반짝반짝 바느질 회로 만들기: 전기가 통하는 실로 만드는 Tech D.I.Y 융합인재교육 STEAM,이지선 ,,2014-05-28,9788960558366
"자바 프로젝트 필수 유틸리티: Maven, TeamCity, Subversion, Trac",박재성 ,,2009-03-09,9788979146646
"이클립스 프로젝트 필수 유틸리티 개정판 : Subversion, Ant, JUnit, Trac","민진우 , 이인선 ",,2009-01-19,9788979146233
"BACK TO THE BASIC, 뿌리부터 이해하는 C 언어 Vol 2","이희정 , 이승미 ",,2014-05-30,9788968487156
플랫폼이란 무엇인가?,윤상진 ,,2012-06-18,9788994120362
Thinking About C++11 STL 프로그래밍(개정2판),최흥배 ,,2014-06-12,9788968486623
개발 프로세스 향상과 코드의 질을 높이는 Android Developer Tools 필수 가이드(심화편),마이크 울프선 ,이성주 ,2014-06-03,9788968487149
"윈도우 프로젝트 필수 유틸리티: Subversion, Trac, CruiseControl.NET",이재홍 ,,2008-05-28,9788979145595
"IT CookBook, 오라클로 배우는 데이터베이스 개론과 실습","박우창 , 남송휘 , 이현룡 ",,2014-06-19,9791156641186
게임 컨셉 아트 디자인 북 : 디지털 드로잉부터 게임 배경 원화 제작까지,안홍일 ,,2014-06-24,9788968481062
D3.js 인 액션,일리야 미크스 ,강석주 ,2016-07-01,9788968482915
모던 웹을 위한 Node.js 프로그래밍 3판,윤인성 ,,2016-07-01,9788968482946
게임스토밍,"데이브 그레이 , 서니 브라운 , 제임스 매카누포 ","정진호 , 강유선 ",2016-07-01,9788968482953
집단지성 프로그래밍,토비 세가란 ,윤종완 ,2008-04-16,9788979145625
9가지 사례로 익히는 고급 스파크 분석,"샌디 라이자 , 유리 레이저슨 , 션 오언 , 조시 윌스 ","서양주 , 권한철 , 박상은 ",2016-07-01,9788968482892
비즈니스를 위한 데이터 과학 : 빅데이터를 바라보는 데이터 마이닝과 분석적 사고,"포스터 프로보스트 , 톰 포셋 ",강권학 ,2014-06-24,9788968481093
말하고 듣고 대화하는 Physical Computing 아두이노,Todd Holoubek(백토담) ,,2014-03-28,9788960558373
처음 시작하는 리액트 : UI를 위한 자바스크립트 라이브러리 ReactJS,"톰 핼럿 , 리차드 펠드만 , 시몬 회벡 , 칼 미켈슨 , 존 비비 , 프랑키 반야르디 ","김훈민 , 곽현철 ",2016-07-25,9788968487750
처음부터 다시 배우는 웹 기획,"정재용 , 최준호 , 조영수 ",,2016-07-15,9788968482991
"IT CookBook, 처음 만나는 디지털 논리회로","임석구 , 홍경호 ",,2016-07-25,9791156642633
파이썬 웹 프로그래밍 (실전편),김석훈 ,,2016-07-15,9788968482939
DBD 공격과 자바스크립트 난독화로 배우는 해킹의 기술,최우석 ,,2016-08-05,9788968488276
"SWedu, 컴퓨팅 사고력을 키우는 SW 교육 : 파이썬",우재남 ,,2016-07-20,9791156642701
7가지 동시성 모델,폴 부처 ,임백준 ,2016-07-15,9788968482984
전문가를 위한 파이썬,루시아누 하말류 ,강권학 ,2016-08-10,9788968484988
유니티로 배우는 게임 수학,구부키 류이치 ,김성재 ,2016-08-01,9788968485008
네트워크 보안 시스템 구축과 보안 관제,장상근 ,,2016-08-16,9788968488320
빠르게 훑어보는 구글 클라우드 플랫폼,"조대협 , 최명근 , 최유석 , 윤성재 , 김영균 ",,2016-08-23,9788968488399
9가지 사례로 익히는 고급 스파크 분석(2판),"샌디 라이자 , 유리 레이저슨 , 션 오언 , 조시 윌스 ","박상은 , 권한철 , 서양주 ",2018-03-05,9791162240526
"한 권으로 끝내는 Node & Express(Node 4, Express 4 테스트 완료)",이선 브라운 ,한선용 ,2015-10-24,9788968482229
고성능 파이썬,"미샤 고렐릭 , 이안 오스발트 ","김영근 , 오현석 ",2016-08-10,9788968484995
실전 쇼핑몰 포토샵 북 : 상품 사진 보정부터 상세 페이지 제작까지 쇼핑몰 디자인의 모든 것,임화연 ,,2014-05-22,9788968480997
텐서플로 첫걸음,조르디 토레스 ,박해선 ,2016-08-29,9788968484902
비박스 환경을 활용한 웹 모의해킹 완벽 실습,"조정원 , 이승준 , 김영선 , 최일선 , 이선경 , 이해인 ",,2016-09-09,9788968488412
"SWedu, 컴퓨팅 사고력을 키우는 SW 교육 : 엔트리 & 햄스터","황준 , 박광현 , 이웅재 , 최은정 , 고혜영 , 이재호 , 손예진 , 조민주 ",,2016-09-05,9791156642749
파이썬 웹 프로그래밍: Django(장고)로 배우는 쉽고 빠른 웹 개발,김석훈 ,,2015-03-28,9788968481819
네트워크 보안 시스템 구축과 보안 관제 : 시스템 구축편,장상근 ,,2015-05-29,9788968487637
CxO가 알아야 할 정보보안,강은성 ,,2015-02-26,9788968487514
팀을 위한 Git,엠마 제인 호그빈 웨스트비 ,최병현 ,2016-09-01,9788968488337
오픈스택 인 액션,코디 범가드너 ,"강재준, 신원석, 오성근, 이준섭, 조영준 ",2016-10-01,9788968484865
Spring MVC 4 익히기,지오프로이 워렌 ,김지헌 ,2016-08-24,9788968488283
처음 시작하는 AWS 람다,매튜 풀러(Matthew Fuller) ,"문경식, 신원석, 오성근, 조영준 ",2016-09-01,9788968488290
안전한 웹 애플리케이션을 위한 자바스크립트 보안,Y.E 리앙(Y.E Liang) ,박미정 ,2015-11-30,9788968487927
리버스 엔지니어링 1권(파일 구조 편),이호동 ,,2016-09-28,9788968484872
데이터베이스 첫걸음,"미크 , 기무라 메이지 ",박주항 ,2016-10-10,9788968487316
러닝 자바스크립트,이선 브라운 ,한선용 ,2017-07-01,9788968483387
헤드 퍼스트 대수학 Head First Algebra,"댄 필로네 , 트레이시 필로네 ","우정은 , 서환수 ",2016-11-01,9788968484773
오픈소스 도구를 활용한 웹 모의해킹과 침해대응,"석동현 , 김경원 , 양민철 , 조정원 , 박승우 , 김승록 ",,2017-05-30,9788968488511
"(10대를 위한 프로그래밍 노트, 수프) 코딩 클럽 LV4. 파이썬 프로그래밍 아트",크리스 로피 ,유형목 ,2016-09-28,9788968484797
누구나 쉽게 스칼라+플레이,고락윤 ,,2016-11-01,9788968484728
CxO가 알아야 할 정보보안,강은성 ,,2015-01-05,9788968487613
전문가를 위한 C++(개정3판),마크 그레고리 ,권오인 ,2016-11-04,9788968484858
버프스위트 활용과 웹 모의해킹,"조정원 , 김명근 , 조승현 ",,2015-09-24,9788968487705
실무자가 말하는 모의해킹,조정원 ,,2017-09-11,9788968488757
만들면서 배우는 Git+GitHub 입문,윤웅식 ,,2015-08-10,9788968482021
워드프레스 플러그인 취약점 진단과 모의해킹,"조정원 , 유희만 ",,2015-07-10,9788968487699
행복한 프로그래밍(개정판),임백준 ,,2016-11-18,9788968484704
이것이 iOS다,송종근 ,,2016-11-29,9788968484759
만약 헤밍웨이가 자바스크립트로 코딩한다면,앵거스 크롤 ,김나솔 ,2016-11-04,9788968484742
IT 전문가로 사는 법,장동인 ,,2016-11-30,9788968484711
C++로 시작하는 언리얼 4 게임 프로그래밍,윌리엄 쉐리프 ,구진수 ,2016-05-11,9788968488016
"IT CookBook, HTML & CSS for Beginner",황재호 ,,2016-11-10,9791156642794
임백준의 대살개문,임백준 ,,2016-04-28,9788968482748
파이썬을 활용한 금융 분석,이브 힐피시 ,김도형 ,2016-05-18,9788968482779
실전 게임 제작으로 배우는 언리얼 엔진 4,미나토 카즈히사 ,윤인성 ,2016-06-01,9788968482809
프로그래밍 스칼라,"딘 왐플러 , 알렉스 페인 ",오현석 ,2016-06-01,9788968482755
Docker로 PaaS 구성하기,오스카 하네 ,이기곤 ,2016-05-26,9788968488214
알고리즘 문제 풀이 전략,"조중필 , 한현상 , 이주호 ",,2016-06-01,9788968482700
게임 프로그래밍 패턴,로버트 나이스트롬 ,박일 ,2016-06-01,9788968482878
이것이 MySQL이다,우재남 ,,2016-06-10,9788968482793
손으로 익히며 배우는 생활 보안 첫걸음,마스이 토시가츠 ,손정도 ,2017-05-01,9788968482861
개발자를 위한 파이썬,윤웅식 ,,2017-11-01,9791162240205
"화성에서 온 프로그래머, 금성에서 온 기획자",시미즈 료 ,지정우 ,2016-06-22,9788968482786
함수형 사고,닐 포드 ,김재완 ,2016-06-23,9788968482960
안드로이드를 위한 Gradle,유동환 ,,2016-06-16,9788968488245
"IT CookBook, 따라 하면서 배우는 아두이노",허경용 ,,2016-06-10,9791156642596
"SWedu, 컴퓨팅 사고력을 키우는 SW 교육 : 스크래치",고광일 ,,2016-10-10,9791156642756
처음 시작하는 Sass,"김유리 , 방지은 , 양주희 , 정대영 , 홍보라 ",,2016-06-16,9788968488238
팟캐스트 나는 프로그래머다 2탄,"임백준 , 정도현 , 김호광 ",,2016-06-23,9788968482908
누구나 쉽게 배우는 스칼라,고락윤 ,,2016-05-01,9788968488221
C++로 온라인 게임 서버 구축하기 : CGSF를 활용한 게임 서버 제작,박주항 ,,2014-07-10,9788968486708
"IT CookBook, 디지털 콘텐츠 기획",김성은 ,,2016-06-27,9791156642718
이것이 SQL Server다,우재남 ,,2016-06-28,9788968482922
C++로 온라인 게임 서버 구축하기 : CGSF 파헤쳐 보기,박주항 ,,2014-08-25,9788968486760
유니티 개발자를 위한 C#으로 온라인 게임 서버 만들기,이석현 ,,2015-05-07,9788968487484
제대로 알고 쓰는 R 통계분석,이윤환 ,,2016-08-05,9791156642640
유니티 5로 구현하는 안드로이드 게임 개발,발레라 코것 ,최민석 ,2015-12-30,9788968487958
웹킷 CSS 바이블(실무편),"조은 , 정다운 , 민경환 , 김훈민 , 김영호 , 김대현 , 강영주 , 서미연 , 양주희 ",,2015-06-16,9788968487668
코드의 재사용과 높은 수준의 테스팅을 원한다면 : 함수형 길들이기,조슈아 백필드 ,이일웅 ,2015-03-26,9788968487439
웹킷 CSS 바이블: 레퍼런스 편,"정다운 , 조은 , 양주희 , 민경환 , 김훈민 , 김영호 , 김대현 , 강영주 , 서미연 ",,2015-08-25,9788968487675
You Don’t Know JS : 스코프와 클로저,카일 심슨(Kyle Simpson) ,최병현 ,2014-08-29,9788968486333
C++ 개발자를 위한 WIN32 오픈소스 라이브러리 100,박주항 ,,2014-12-30,9788968487279
jQuery Deferreds : 디퍼드 제대로 이해하기,"니콜라스 톨러베이 , 테리 존슨(Terry Jones) ",조건희 ,2014-09-05,9788968487217
"처음 시작하는 NFC 프로그래밍 : 아두이노, 라즈베리 파이에서 개발하기","브라이언 젭슨 , 돈 콜먼 , 톰 이고 ",이희정 ,2015-01-12,9788968487255
처음 시작하는 NFC 프로그래밍 : 안드로이드에서 개발하기,"브라이언 젭슨 , 돈 콜먼 , 톰 이고 ",이희정 ,2014-12-30,9788968487248
RxJava 프로그래밍,"유동환 , 박정준 ",,2017-09-04,9788968488658
URL Shortener 프로젝트로 배우는 Vert.X 프레임워크,김요한 ,,2015-04-10,9788968487446
제대로 알고 쓰는 논문 통계분석 : SPSS & AMOS 21,노경섭 ,,2014-02-07,9791156641001
"IT CookBook, XML 프로그래밍 : 체계적으로 배우는 XML 원리와 응용",홍성용 ,,2015-06-08,9791156641810
리눅스 커널 패치와 커밋,윤대석 ,,2015-04-17,9788968487453
안드로이드 애플리케이션의 성능 개선을 위한 스레드 관리,송무찬 ,,2015-05-14,9788968487477
You Don’t Know JS : 타입과 문법,카일 심슨(Kyle Simpson) ,이일웅 ,2015-05-26,9788968487507
제대로 시작하는 기초 통계학 : Excel 활용,노경섭 ,,2016-06-10,9791156642565
You Don’t Know JS : 비동기와 성능,카일 심슨(Kyle Simpson) ,이일웅 ,2015-12-18,9788968487941
처음 시작하는 임팔라 : SQL로 하둡을 다루는 가장 쉬운 방법,존 러셀 ,양원국 ,2015-04-21,9788968487262
SDL과 C++를 이용한 크로스 플랫폼 프로그래밍,박주항 ,,2015-07-28,9788968487712
개발자를 위한 하룻밤에 읽는 Go 언어 이야기,신제용 ,,2015-11-16,9788968487903
구글 웹로그 분석,미나가와 아키히로 ,김성재 ,2015-12-28,9788968482410
"IT CookBook, 시스템 분석과 설계(개정판) : 효과적인 비즈니스 정보시스템 개발",허원실 ,,2015-12-01,9791156642060
"IT CookBook, 쉽게 배우는 소프트웨어 공학",김치수 ,,2015-12-01,9791156642053
긱 아틀라스: 과학과 기술의 발상지 129곳,존 그레이엄-커밍 ,윤진서 ,2015-07-28,9788968482052
Apache CloudStack : 클라우드 컴퓨팅을 관통하는 클라우드스택의 60가지 제안,세바스찬 고아스구엔 ,최민석 ,2015-09-30,9788968487767
함수형 반응형 프로그래밍,"스티븐 블랙히스 , 앤서니 존스 ",오현석 ,2017-08-01,9788968488665
(2018) 완벽분석! 사회조사분석사 2급 필기,"노경섭 , 김성일 , 김기만 ",,2018-02-28,9791156643852
FFmpeg 라이브러리 : 코덱과 영상 변환을 중심으로,이기곤 ,,2015-08-13,9788968487729
"IT CookBook, 차세대 웹 프로그래밍",홍성용 ,,2017-07-30,9791156643302
(2018) 완벽분석! 사회조사분석사 2급 실기,"노경섭 , 김성일 , 김기만 ",,2018-04-26,9791156643890
You Don't Know JS : this와 객체 프로토타입,카일 심슨(Kyle Simpson) ,이일웅 ,2015-08-27,9788968487743
"IT CookBook, C# 프로그래밍 : 프로그래밍 기초부터 객체 지향 핵심까지",윤인성 ,,2015-12-01,9791156642046
"You Don’t Know JS : 타입과 문법, 스코프와 클로저",카일 심슨 ,"이일웅 , 최병현 ",2017-07-01,9788968488528
"IT CookBook, Android Studio를 활용한 안드로이드 프로그래밍(증보판)","우재남 , 박길식 ",,2016-01-03,9791156642480
핀테크 세상을 열다 : 30편의 카툰으로 만나는 핀테크 이야기,"김동우 , 김진영(로아컨설팅) ",,2015-12-05,9788968482458
"You Don’t Know JS : this와 객체 프로토타입, 비동기와 성능",카일 심슨 ,이일웅 ,2017-07-26,9788968488535
실무자를 위한 C++ AMP 핵심 노트,기창서 ,,2016-01-22,9788968487972
엔터프라이즈 빌드 자동화를 위한 Gradle,윤석진 ,,2015-06-19,9788968487651
KT ucloud biz를 활용한 서비스별 클라우드 구축 가이드,"김인정 , 김경화 ",,2015-06-30,9788968487682
앱 인벤터 2 : 구글과 MIT 앱 인벤터 개발팀이 안내하는 안드로이드 프로그래밍,"David Wolber , Hal Abelson , Ellen Spertus , Liz Looney ","오일석 , 이진선 ",2015-07-20,9791156641865
"IT CookBook, 전자상거래와 e-비즈니스(개정3판)",이동훈 ,,2015-12-28,9791156642435
Thinking About : CPU 최적화 프로그래밍 노트(심화편),김안석 ,,2014-06-30,9788968486678
"IT CookBook, 빅데이터 컴퓨팅 기술","박두순 , 문양세 , 박영호 , 윤찬현 , 정영식 , 장형석 ",,2014-06-24,9791156641148
타이젠으로 웨어러블 앱 개발하기,서영진 ,,2015-06-26,9788968487644
"IT CookBook, UML 입문 : 친근한 소재로 배우는 객체지향설계","한정수 , 김귀정 , 송영재 ",,2014-07-22,9791156641247
Thinking About : CPU 최적화 프로그래밍 노트(명령어 정리편),김안석 ,,2014-06-30,9788968486685
Nature of Code: 자연계 법칙을 디지털 세계로 옮기는 컴퓨터 프로그래밍 전략,다니엘 쉬프만 ,윤인성 ,2015-04-27,9788968481901
자바스크립트로 시작하는 Vert.x,김대희 ,,2014-07-24,9788968486722
Thinking About : CPU 최적화 프로그래밍 노트(기초편),김안석 ,,2014-06-30,9788968486661
뇌를 자극하는 C# 4.0 프로그래밍,박상현 ,,2011-08-23,9788979148510
JavaScript Promise,azu ,주우영 ,2015-01-28,9788968487293
"IT CookBook, Eclipse를 활용한 안드로이드 프로그래밍","우재남 , 이복기 ",,2015-01-28,9791156641711
"손에 잡히는 R 프로그래밍 : 주사위, 카드놀이, 슬롯머신을 만들면서 배우는 R 언어",가렛 그롤먼드 ,이준용 ,2015-01-28,9788968481642
정보보안 기사 & 산업기사 (필기),"윤대원 , 박인근 ",,2015-02-11,9791156641735
모바일/웹 메시징: STOMP와 MQTT로 개발하는 IoT 모바일/웹 애플리케이션,제프 메스닐(Jeff Mesnil) ,조건희 ,2015-02-27,9788968487415
로그를 사랑해 : 데이터 처리/통합/시스템 구축을 위한 로그,제이 크렙스 ,이일웅 ,2015-01-30,9788968487309
자바 개발자를 위한 Vert.x 애플리케이션 개발,이연복 ,,2015-02-05,9788968487286
"IT CookBook, 전자상거래와 e-비즈니스(개정판)",이동훈 ,,2014-07-28,9791156641230
지금 당장 재테크 공부하라,이동훈 ,,2013-06-28,9788994120584
4차 산업혁명 시대의 경영정보시스템,이동훈 ,,2017-08-08,9791156643319
Head First C# : 상상을 초월하는 객체지향 C# 학습법(개정3판),"앤드류 스텔만 , 제니퍼 그린 ",최길우 ,2015-02-27,9788968481659
처음 시작하는 인텔 갈릴레오,매트 리처드슨 ,이호민 ,2014-10-28,9788968481314
Apache JMeter : 오픈소스로 대용량 웹 성능 테스트하기,장재만 ,,2015-01-16,9788968487231
자바 8 람다 : 자바 개발자를 위한 함수형 프로그래밍,리처드 워버튼 ,이희정 ,2014-09-30,9788968486739
뇌를 자극하는 파이썬 3,박상현 ,,2016-02-05,9788968482359
"IT CookBook, GOOD JAVA : 프로그래밍을 시작하는 사람들을 위한",우재남 ,,2016-02-16,9791156642442
스크래치를 활용한 문제해결능력 향상,김종훈 ,,2016-02-19,9788968482625
개발자를 위한 오라클 SQL 튜닝,이경오 ,,2016-02-16,9788968487996
클라우드 시스템을 관리하는 기술,"토머스 리몬첼리 , 스트래터 체일럽 , 크리스티나 호건 ",류광 ,2016-02-25,9788968482618
뇌를 자극하는 Windows Server 2012 R2,우재남 ,,2016-02-05,9788968482366
"IT CookBook, 윈도우 서버 2012 R2 : 설치, 운영, 관리+실무 팁","남훈식 , 최영락 ",,2016-02-25,9791156642497
처음 시작하는 Apache Mesos : 확장 가능하고 안정적인 클러스터 환경 구축하기,최규동 ,,2016-03-15,9788968487989
디스커버리 Go 언어,염재현 ,,2016-03-07,9788968482687
IT 인문을 만나다 : 역사와 고전으로 엿보는 19가지 IT 키워드,이범석 ,,2016-03-31,9788968488023
비전공자를 위한 자바 프로그래밍,강희은 ,,2016-02-26,9788968488009
소프트웨어 세계화: 세계에서 통하는 소프트웨어를 만드는 방법 A to Z,박미라(Mira Park) ,,2016-03-28,9788968482663
헬로 데이터 과학 : 삶과 업무를 바꾸는 생활 데이터 활용법,김진영 ,,2016-02-23,9788968482656
데이터 분석을 통한 네트워크 보안 : IoT 시대에 맞는 상황 인식형 보안 구축하기,마이클 콜린스 ,문성건 ,2016-03-28,9788968482588
네트워크 보안 시스템 구축과 보안 관제 : 보안 관제편,장상근 ,,2016-04-15,9788968488047
엔트리 : 창의력과 문제해결능력 향상을 위한 첫걸음,"최현종 , 이상열 , 박지현 , 이현아 ",,2016-03-17,9788968482649
정보교과교육론(증보판) : 소프트웨어 교육을 위한 필수 지침서,"이태욱 , 최현종 ",,2016-03-03,9791156642510
비주얼 컴플렉시티,마누엘 리마 ,장형석 ,2016-04-01,9788968482717
코딩의 기술 : C와 C++ 게임 코드로 알아보는,오즈 모리하루 ,윤인성 ,2016-03-28,9788968482694
러닝 텐서플로,"톰 호프 , 예헤즈켈 레셰프 , 이타이 리더 ",박상은 ,2018-05-04,9791162240687
C#과 데이터베이스로 누구나 쉽게 주식 자동매매 시스템 만들기,이경오 ,,2017-02-24,9788968488467
Java 9 모듈 프로그래밍,코시크 코타갈 ,유동환 ,2018-05-01,9791162240403
자바로 배우는 핵심 자료구조와 알고리즘,앨런 B. 다우니 ,유동환 ,2018-06-01,9791162240847
처음 배우는 블록체인,"가사키 나가토 , 시노하라 와타루 ",이중민 ,2018-06-01,9791162240830
파이썬을 활용한 금융공학 레시피,김용환 ,,2018-06-01,9791162240823
만들면서 배우는 워드프레스,박현우 ,,2017-03-10,9788968483448
인공지능 콘텐츠 혁명,고찬수 ,,2018-06-01,9791162240786
파이썬으로 웹 크롤러 만들기,라이언 미첼 ,한선용 ,2016-12-01,9788968484698
처음부터 다시 배우는 서비스 디자인 씽킹,배성환 ,,2017-06-01,9788968487880
처음 배우는 인공지능,다다 사토시 ,송교석 ,2017-06-01,9788968483318
마인크래프트 슈퍼 건축 레시피,"히류 , 이마이 산타로 ",곰다비 ,2017-06-05,9788968483325
앵귤러 첫걸음,조우진 ,,2017-06-01,9788968486807
만들면서 배우는 유니티 VR 게임 개발,"김광일 , 김도윤 ",,2017-11-10,9791162240199
IT 트렌드 스페셜 리포트 2018,"김석기 , 김승열 , 정도희 ",,2017-11-10,9791162240229
이펙티브 C#(3판),빌 와그너 ,김명신 ,2017-11-06,9791162240038
고대유적지 여신상의 보석을 되찾아라,"유경선 , 김미선(그림) ",,2017-12-15,9788968488733
데이터 분석을 위한 SQL 레시피,"가사키 나가토 , 다미야 나오토 ",윤인성 ,2018-04-01,9791162240601
그레이들 레시피,켄 커즌 ,유동환 ,2016-12-09,9788968487095
만들면서 배우는 워드프레스(개정판),박현우 ,,2018-07-25,9791162240946
"코딩셰프의 3분 딥러닝, 케라스맛",김성진(코딩셰프) ,,2018-01-01,9791162240397
"SWedu, 파이선으로 쉽게 배우는 프로그래밍 입문",조인석 ,,2017-12-21,9791156643777
자바스크립트 프로젝트북,권대용 ,,2017-08-01,9788968483400
인프라 엔지니어링 첫걸음,"데라오 에사쿠 , 나카무라 도모나리 , 하타노 아이 , 요코타 마사토시 , JPCERT CC ",윤인성 ,2017-08-01,9788968488672
햄버거 성의 셰프봇을 작동시켜라!,"유경선 , (그림) 김미선 ",,2017-09-01,9788968488702
달인과 함께 하는 마인크래프트 세계 건축 여행: 유럽과 아메리카,"히류 , 돈보코 , 하야시 ",곰다비 ,2018-05-01,9791162240663
달인과 함께 하는 마인크래프트 세계 건축 여행 : 아시아와 아프리카,"히류 , 돈보코 , 하야시 ",곰다비 ,2018-05-01,9791162240670
웹 데이터 수집의 기술,타쿠로 사사키 ,김경록 ,2017-08-15,9788968489990
아파치 스파크 입문,"사루타 고스케 , 도바시 마사루 , 요시다 고요 , 사사키 도루 , 쓰즈키 마사요시 ",김진용 ,2017-09-01,9788968488696
처음 배우는 머신러닝,"김승연 , 정용주 ",,2017-10-01,9791162240045
실전 AWS 워크북,가와카미 아키히사 ,정도현 ,2017-09-01,9788968488726
놀이동산의 슈퍼컴퓨터를 작동시켜라,"유경선 , (그림) 김미선 ",,2017-10-01,9788968488764
손으로 익히며 배우는 네트워크 첫걸음,Gene ,진솔 ,2017-09-01,9788968488719
파이썬 데이터 분석 입문,클린턴 브라운리 ,"한창진 , 이병욱 ",2017-10-25,9791162240144
골빈해커의 3분 딥러닝,김진중(골빈해커) ,,2017-09-25,9791162240137
강화학습 첫걸음,아서 줄리아니 ,송교석 ,2017-12-22,9791162240298
"SWedu, 비트브릭","김경하 , 박승미 , 최선경 , 이민아 , 김진선 , 강병수 , 이신영 ",,2017-10-22,9791156643395
파이썬 라이브러리를 활용한 머신러닝,"안드레아스 뮐러 , 세라 가이도 ",박해선 ,2017-07-01,9788968483394
실무에서 바로 통하는 자바,"다케다 하루키 , 와타나베 유지 , 사토 다이치 , 다다 다케아키 , 가미카와 노부히코 ",김성훈 ,2017-07-01,9788968488627
처음 만나는 Vulkan,파르민더 싱 ,이환용 ,2017-11-01,9791162240151
Node.js 6.x 블루프린트,페르난두 몬테이루 ,"맹기완 , 임보은 ",2017-07-03,9788968487576
오라클 레벨업,"스즈키 겐고 , 다마오키 다케히로 , 시오바라 고타 , 고바야시 오사무 , 오모리 신지 , 우치무라 도모아키 ","윤인성 , 조은옥 ",2016-12-15,9788968484681
테트리스 이펙트,댄 애커먼 ,권혜정 ,2018-01-11,9791162240366
딥러닝 첫걸음,김성필 ,,2016-12-30,9788968487323
최대 성능을 위한 유니티 5 게임 프로그래밍 최적화,크리스 디킨슨 ,"유건곤 , 최종우 ",2017-06-30,9788968488504
만들면서 배우는 스파인 2D 게임 애니메이션,이동연 ,,2017-02-01,9788968484629
밑바닥부터 시작하는 딥러닝,사이토 고키 ,개앞맵시(이복연) ,2017-01-03,9788968484636
"IT CookBook, Android Studio를 활용한 안드로이드 프로그래밍(개정판)","우재남 , 박길식 ",,2017-02-01,9791156643128
러스트 핵심 노트,이보 발바르트 ,옥찬호 ,2017-02-14,9788968488429
The Nature of Software Development,론 제프리스 ,이기곤 ,2016-12-31,9788968484650
이것이 우분투 리눅스다,우재남 ,,2017-02-01,9788968484612
러닝 PHP,데이비드 스클라 ,정병열 ,2017-04-01,9788968483486
신경망 첫걸음,타리크 라시드 ,송교석 ,2017-04-03,9788968483509
직접 설계하고 개발하는 IoT 백신(초급),이창우 ,,2017-04-07,9788968487361
객체지향 소프트웨어 공학,최은만 ,,2017-04-10,9791156643197
아마존 웹 서비스 인 액션,"안드레아스 비티히, 미하엘 비티히 ",모파상(백영상) ,2017-05-01,9788968483585
"가상현실 이론부터 모바일, PC, 웹 개발까지 VR 첫걸음",토니 파리시 ,안명욱 ,2017-04-07,9788968488481
코드로 인프라 관리하기,키프 모리스 ,강재준 ,2017-03-01,9788968483431
이펙티브 디버깅,디오미디스 스피넬리스 ,남기혁 ,2017-05-20,9788968487781
비즈니스 블록체인,윌리엄 무가야 ,"박지훈 , 류희원 ",2017-05-02,9788968483592
아무것도 모르고 시작하는 인공지능 첫걸음,히가시나카 류이치로 ,진솔 ,2018-06-01,9791162240809
머신러닝 실무 프로젝트,"아리가 미치아키(有賀 康顕) , 나카야마 신타(中山 心太) , 니시바야시 다카시(西林 孝) ",심효섭 ,2018-06-05,9791162240816
엔지니어를 위한 블록체인 프로그래밍,다고모리 데루히로 ,심효섭 ,2018-06-01,9791162240694
Hello Coding 한입에 쏙 파이썬,"김왼손 , 김태간 ",,2018-06-20,9791162240854
고객이 보이는 구글 애널리틱스,문준영 ,,2018-06-15,9791162240878
이것이 C#이다,박상현 ,,2018-07-01,9791162240861
그것이 R고 싶다,양중기 ,,2018-07-09,9791162240885
우아한 사이파이,"스테판 판데르발트 , 해리엇 대시나우 ",최길우 ,2018-06-01,9791162240748
처음 배우는 암호화,장필리프 오마송 ,류광 ,2018-07-20,9791162240977
함수형 자바스크립트,루이스 아텐시오 ,이일웅 ,2018-02-01,9791162240427
이것이 우분투 리눅스다,우재남 ,,2017-02-01,9788968484612
러닝 HTTP/2,"스티븐 루딘 , 하비에르 가르사 ",강재준 ,2018-01-22,9791162240434
쉽고 빠르게 합격하는 COS 2급,이연란 ,,2018-02-12,9791156643692
Head First Android Development : 개념과 구조를 머릿속에 그려주는 안드로이드 개발 입문서(개정판),"돈 그리피스 , 데이비드 그리피스 ",우정은 ,2018-07-15,9791162240953
나의 첫 안드로이드 : 처음 시작하는 개발자를 위한,한동호 ,,2018-07-16,9791162240960
"SWedu, 앱 인벤터",이종원 ,,2018-06-04,9791156643968
처음 배우는 데이터 과학,필드 케이디 ,최근우 ,2018-02-19,9791162240472
러닝 리액트,"알렉스 뱅크스 , 이브 포셀로 ",오현석 ,2018-02-13,9791162240373
딥러닝의 정석,니킬 부두마 ,"고광원 , 금경목 ",2018-02-26,9791162240519
자바 프로젝트 필수 유틸리티,"쇼다 츠야노 , 전민수 ",배효진 ,2018-05-01,9791162240700
Vue.js 첫걸음,이지호 ,,2018-04-02,9791162240618
NDC ART BOOK 2017,2017년 넥슨 개발자 콘퍼런스 아트 전시회 참여 작가 ,,2017-04-28,9788968483516
처음 배우는 딥러닝 수학,"와쿠이 요시유키 , 와쿠이 사다미 ",,2018-02-01,9791162240441
Make: 액션,사이먼 몽크 ,임지순 ,2016-12-06,9788968484674
아두이노 101,서영배 ,,2016-10-15,9788968484780
처음 시작하는 드론,"테리 킬비 , 베린다 킬비 ","이하영 , 감수자_김용현 ",2016-10-01,9788968484841
전자부품 백과사전 vol.3,"찰스 플랫 , 프레드릭 얀슨 ","배지은 , 이하영 ",2017-05-01,9788968483493
"피, 땀, 픽셀 : 트리플 A 게임은 어떻게 만들어지는가",제이슨 슈라이어 ,권혜정 ,2018-08-03,9791162241028
3D 프린팅을 위한 스케치업,리디아 클라인 ,민혜기 ,2017-05-01,9788968483578
2D 벡터 그래픽스 API 표준 OpenVG 프로그래밍(3판),이환용 ,,2018-04-25,9791162249680
Make: 드론,데이비드 맥그리피 ,"임지순 , 감수자_ 팹브로스 제작소 김용현, 정성일 ",2017-08-01,9788968488641
핸즈온 머신러닝,오렐리앙 제롱(Aurélien Géron) ,박해선 ,2018-04-27,9791162240731
움직이는 사물의 비밀: DIY를 위한 기계와 메커니즘의 기초,더스틴 로버츠 ,"랜덤웍스 , 윤진서(공역) ",2012-12-23,9788979149869
3D 프린터 101,"안상준 , 정재학 ",,2017-03-02,9788968483424
